<?xml version="1.0" encoding="utf-8"?>
<!--Detailed report on module Administer-->
<CCCC_Project>
<module_summary>
<lines_of_code value="280" level="0" />
<lines_of_code_per_member_function value="******" level="0" />
<McCabes_cyclomatic_complexity value="46" level="0" />
<McCabes_cyclomatic_complexity_per_member_function value="******" level="2" />
<lines_of_code value="53" level="0" />
<lines_of_code_per_member_function value="********" level="2" />
<lines_of_code_per_line_of_comment value="5.283" level="0" />
<McCabes_cyclomatic_complexity_per_line_of_comment value="0.868" level="0" />
<weighted_methods_per_class_unity value="21" level="0" />
<weighted_methods_per_class_visibility value="0" level="0" />
<depth_of_inheritance_tree value="0" level="0" />
<number_of_children value="0" level="0" />
<coupling_between_objects value="1" level="0" />
<IF4 value="0" level="0" />
<IF4_per_member_function value="********" level="0" />
<IF4_visible value="0" level="0" />
<IF4_visible_per_member_function value="********" level="0" />
<IF4_concrete value="0" level="0" />
<IF4_concrete_per_member_function value="********" level="0" />
</module_summary>
<module_detail>
</module_detail>
<procedural_detail>
<member_function>
<name>AddEmployee()</name>
<extent>
<description>definition</description>
<source_reference file="Administer.cpp" line="202" />
</extent>
<lines_of_code value="23" level="0" />
<McCabes_cyclomatic_complexity value="3" level="0" />
<lines_of_comment value="10" level="0" />
<lines_of_code_per_line_of_comment value="2.300" level="0" />
<McCabes_cyclomatic_complexity_per_line_of_comment value="------" level="0" />
</member_function>
<member_function>
<name>AddManager()</name>
<extent>
<description>definition</description>
<source_reference file="Administer.cpp" line="245" />
</extent>
<lines_of_code value="29" level="0" />
<McCabes_cyclomatic_complexity value="7" level="0" />
<lines_of_comment value="9" level="0" />
<lines_of_code_per_line_of_comment value="3.222" level="0" />
<McCabes_cyclomatic_complexity_per_line_of_comment value="0.778" level="0" />
</member_function>
<member_function>
<name>AddTeacher()</name>
<extent>
<description>definition</description>
<source_reference file="Administer.cpp" line="292" />
</extent>
<lines_of_code value="21" level="0" />
<McCabes_cyclomatic_complexity value="3" level="0" />
<lines_of_comment value="8" level="0" />
<lines_of_code_per_line_of_comment value="2.625" level="0" />
<McCabes_cyclomatic_complexity_per_line_of_comment value="------" level="0" />
</member_function>
<member_function>
<name>Administer()</name>
<extent>
<description>definition</description>
<source_reference file="Administer.cpp" line="9" />
</extent>
<lines_of_code value="10" level="0" />
<McCabes_cyclomatic_complexity value="0" level="0" />
<lines_of_comment value="7" level="0" />
<lines_of_code_per_line_of_comment value="------" level="0" />
<McCabes_cyclomatic_complexity_per_line_of_comment value="------" level="0" />
</member_function>
<member_function>
<name>Administer(int,string)</name>
<extent>
<description>definition</description>
<source_reference file="Administer.cpp" line="25" />
</extent>
<lines_of_code value="5" level="0" />
<McCabes_cyclomatic_complexity value="0" level="0" />
<lines_of_comment value="0" level="0" />
<lines_of_code_per_line_of_comment value="------" level="0" />
<McCabes_cyclomatic_complexity_per_line_of_comment value="------" level="0" />
</member_function>
<member_function>
<name>PrintEmployeeData()</name>
<extent>
<description>definition</description>
<source_reference file="Administer.cpp" line="104" />
</extent>
<lines_of_code value="10" level="0" />
<McCabes_cyclomatic_complexity value="1" level="0" />
<lines_of_comment value="0" level="0" />
<lines_of_code_per_line_of_comment value="------" level="0" />
<McCabes_cyclomatic_complexity_per_line_of_comment value="------" level="0" />
</member_function>
<member_function>
<name>PrintManagerData()</name>
<extent>
<description>definition</description>
<source_reference file="Administer.cpp" line="115" />
</extent>
<lines_of_code value="9" level="0" />
<McCabes_cyclomatic_complexity value="1" level="0" />
<lines_of_comment value="0" level="0" />
<lines_of_code_per_line_of_comment value="------" level="0" />
<McCabes_cyclomatic_complexity_per_line_of_comment value="------" level="0" />
</member_function>
<member_function>
<name>PrintTeacherData()</name>
<extent>
<description>definition</description>
<source_reference file="Administer.cpp" line="125" />
</extent>
<lines_of_code value="9" level="0" />
<McCabes_cyclomatic_complexity value="1" level="0" />
<lines_of_comment value="0" level="0" />
<lines_of_code_per_line_of_comment value="------" level="0" />
<McCabes_cyclomatic_complexity_per_line_of_comment value="------" level="0" />
</member_function>
<member_function>
<name>RemoveEmployee()</name>
<extent>
<description>definition</description>
<source_reference file="Administer.cpp" line="329" />
</extent>
<lines_of_code value="16" level="0" />
<McCabes_cyclomatic_complexity value="2" level="0" />
<lines_of_comment value="5" level="0" />
<lines_of_code_per_line_of_comment value="------" level="0" />
<McCabes_cyclomatic_complexity_per_line_of_comment value="------" level="0" />
</member_function>
<member_function>
<name>RemoveManager()</name>
<extent>
<description>definition</description>
<source_reference file="Administer.cpp" line="358" />
</extent>
<lines_of_code value="16" level="0" />
<McCabes_cyclomatic_complexity value="2" level="0" />
<lines_of_comment value="5" level="0" />
<lines_of_code_per_line_of_comment value="------" level="0" />
<McCabes_cyclomatic_complexity_per_line_of_comment value="------" level="0" />
</member_function>
<member_function>
<name>RemoveTeacher()</name>
<extent>
<description>definition</description>
<source_reference file="Administer.cpp" line="387" />
</extent>
<lines_of_code value="15" level="0" />
<McCabes_cyclomatic_complexity value="2" level="0" />
<lines_of_comment value="5" level="0" />
<lines_of_code_per_line_of_comment value="------" level="0" />
<McCabes_cyclomatic_complexity_per_line_of_comment value="------" level="0" />
</member_function>
<member_function>
<name>chooseDept()</name>
<extent>
<description>definition</description>
<source_reference file="Administer.cpp" line="63" />
</extent>
<lines_of_code value="23" level="0" />
<McCabes_cyclomatic_complexity value="7" level="0" />
<lines_of_comment value="0" level="0" />
<lines_of_code_per_line_of_comment value="******" level="2" />
<McCabes_cyclomatic_complexity_per_line_of_comment value="******" level="2" />
</member_function>
<member_function>
<name>command()</name>
<extent>
<description>definition</description>
<source_reference file="Administer.cpp" line="135" />
</extent>
<lines_of_code value="61" level="1" />
<McCabes_cyclomatic_complexity value="15" level="1" />
<lines_of_comment value="3" level="0" />
<lines_of_code_per_line_of_comment value="20.333" level="1" />
<McCabes_cyclomatic_complexity_per_line_of_comment value="5.000" level="0" />
</member_function>
<member_function>
<name>getId()</name>
<extent>
<description>definition</description>
<source_reference file="Administer.cpp" line="41" />
</extent>
<lines_of_code value="3" level="0" />
<McCabes_cyclomatic_complexity value="1" level="0" />
<lines_of_comment value="0" level="0" />
<lines_of_code_per_line_of_comment value="------" level="0" />
<McCabes_cyclomatic_complexity_per_line_of_comment value="------" level="0" />
</member_function>
<member_function>
<name>getName()</name>
<extent>
<description>definition</description>
<source_reference file="Administer.cpp" line="45" />
</extent>
<lines_of_code value="3" level="0" />
<McCabes_cyclomatic_complexity value="1" level="0" />
<lines_of_comment value="0" level="0" />
<lines_of_code_per_line_of_comment value="------" level="0" />
<McCabes_cyclomatic_complexity_per_line_of_comment value="------" level="0" />
</member_function>
<member_function>
<name>populateEmployeeData()</name>
<extent>
<description>definition</description>
<source_reference file="Administer.cpp" line="49" />
</extent>
<lines_of_code value="3" level="0" />
<McCabes_cyclomatic_complexity value="0" level="0" />
<lines_of_comment value="0" level="0" />
<lines_of_code_per_line_of_comment value="------" level="0" />
<McCabes_cyclomatic_complexity_per_line_of_comment value="------" level="0" />
</member_function>
<member_function>
<name>populateManagerData()</name>
<extent>
<description>definition</description>
<source_reference file="Administer.cpp" line="53" />
</extent>
<lines_of_code value="4" level="0" />
<McCabes_cyclomatic_complexity value="0" level="0" />
<lines_of_comment value="0" level="0" />
<lines_of_code_per_line_of_comment value="------" level="0" />
<McCabes_cyclomatic_complexity_per_line_of_comment value="------" level="0" />
</member_function>
<member_function>
<name>populateTeacherData()</name>
<extent>
<description>definition</description>
<source_reference file="Administer.cpp" line="58" />
</extent>
<lines_of_code value="4" level="0" />
<McCabes_cyclomatic_complexity value="0" level="0" />
<lines_of_comment value="0" level="0" />
<lines_of_code_per_line_of_comment value="------" level="0" />
<McCabes_cyclomatic_complexity_per_line_of_comment value="------" level="0" />
</member_function>
<member_function>
<name>pressAnyKeyToContinue()</name>
<extent>
<description>definition</description>
<source_reference file="Administer.cpp" line="90" />
</extent>
<lines_of_code value="8" level="0" />
<McCabes_cyclomatic_complexity value="0" level="0" />
<lines_of_comment value="1" level="0" />
<lines_of_code_per_line_of_comment value="------" level="0" />
<McCabes_cyclomatic_complexity_per_line_of_comment value="------" level="0" />
</member_function>
<member_function>
<name>setID(int)</name>
<extent>
<description>definition</description>
<source_reference file="Administer.cpp" line="31" />
</extent>
<lines_of_code value="4" level="0" />
<McCabes_cyclomatic_complexity value="0" level="0" />
<lines_of_comment value="0" level="0" />
<lines_of_code_per_line_of_comment value="------" level="0" />
<McCabes_cyclomatic_complexity_per_line_of_comment value="------" level="0" />
</member_function>
<member_function>
<name>setName(string)</name>
<extent>
<description>definition</description>
<source_reference file="Administer.cpp" line="36" />
</extent>
<lines_of_code value="4" level="0" />
<McCabes_cyclomatic_complexity value="0" level="0" />
<lines_of_comment value="0" level="0" />
<lines_of_code_per_line_of_comment value="------" level="0" />
<McCabes_cyclomatic_complexity_per_line_of_comment value="------" level="0" />
</member_function>
</procedural_detail>
<structural_detail>
<module>
<name>Administer</name>
<client_module>
</client_module>
<supplier_module>
<name>string</name>
<visible>true</visible>
<concrete>true</concrete>
<extent>
<description>pass by value</description>
<source_reference file="Administer.cpp" line="25" />
</extent>
<extent>
<description>pass by value</description>
<source_reference file="Administer.cpp" line="36" />
</extent>
</supplier_module>
</module>
</structural_detail>
</CCCC_Project>
