<?xml version="1.0" encoding="utf-8"?>
<!--Detailed report on module anonymous-->
<CCCC_Project>
<module_summary>
<lines_of_code value="335" level="0" />
<lines_of_code_per_member_function value="******" level="0" />
<McCabes_cyclomatic_complexity value="73" level="0" />
<McCabes_cyclomatic_complexity_per_member_function value="******" level="2" />
<lines_of_code value="15" level="0" />
<lines_of_code_per_member_function value="********" level="2" />
<lines_of_code_per_line_of_comment value="22.333" level="1" />
<McCabes_cyclomatic_complexity_per_line_of_comment value="4.867" level="0" />
<weighted_methods_per_class_unity value="7" level="0" />
<weighted_methods_per_class_visibility value="0" level="0" />
<depth_of_inheritance_tree value="0" level="0" />
<number_of_children value="0" level="0" />
<coupling_between_objects value="0" level="0" />
<IF4 value="0" level="0" />
<IF4_per_member_function value="********" level="0" />
<IF4_visible value="0" level="0" />
<IF4_visible_per_member_function value="********" level="0" />
<IF4_concrete value="0" level="0" />
<IF4_concrete_per_member_function value="********" level="0" />
</module_summary>
<module_detail>
</module_detail>
<procedural_detail>
<member_function>
<name>LoadDataFromFileEmployee(string,vector &amp;)</name>
<extent>
<description>definition</description>
<source_reference file="main.cpp" line="41" />
</extent>
<lines_of_code value="21" level="0" />
<McCabes_cyclomatic_complexity value="4" level="0" />
<lines_of_comment value="1" level="0" />
<lines_of_code_per_line_of_comment value="21.000" level="1" />
<McCabes_cyclomatic_complexity_per_line_of_comment value="------" level="0" />
</member_function>
<member_function>
<name>LoadDataFromFiles(string,vector &amp;)</name>
<extent>
<description>definition</description>
<source_reference file="main.cpp" line="13" />
</extent>
<lines_of_code value="21" level="0" />
<McCabes_cyclomatic_complexity value="4" level="0" />
<lines_of_comment value="1" level="0" />
<lines_of_code_per_line_of_comment value="21.000" level="1" />
<McCabes_cyclomatic_complexity_per_line_of_comment value="------" level="0" />
</member_function>
<member_function>
<name>Login()</name>
<extent>
<description>definition</description>
<source_reference file="main.cpp" line="85" />
</extent>
<lines_of_code value="221" level="2" />
<McCabes_cyclomatic_complexity value="48" level="2" />
<lines_of_comment value="5" level="0" />
<lines_of_code_per_line_of_comment value="44.200" level="2" />
<McCabes_cyclomatic_complexity_per_line_of_comment value="9.600" level="1" />
</member_function>
<member_function>
<name>getCurrentDate()</name>
<extent>
<description>definition</description>
<source_reference file="Manager.cpp" line="175" />
</extent>
<lines_of_code value="12" level="0" />
<McCabes_cyclomatic_complexity value="5" level="0" />
<lines_of_comment value="6" level="0" />
<lines_of_code_per_line_of_comment value="------" level="0" />
<McCabes_cyclomatic_complexity_per_line_of_comment value="0.833" level="0" />
</member_function>
<member_function>
<name>main()</name>
<extent>
<description>definition</description>
<source_reference file="main.cpp" line="353" />
</extent>
<lines_of_code value="15" level="0" />
<McCabes_cyclomatic_complexity value="4" level="0" />
<lines_of_comment value="0" level="0" />
<lines_of_code_per_line_of_comment value="------" level="0" />
<McCabes_cyclomatic_complexity_per_line_of_comment value="------" level="0" />
</member_function>
<member_function>
<name>updateAllDepartments(vector *)</name>
<extent>
<description>definition</description>
<source_reference file="main.cpp" line="68" />
</extent>
<lines_of_code value="14" level="0" />
<McCabes_cyclomatic_complexity value="2" level="0" />
<lines_of_comment value="0" level="0" />
<lines_of_code_per_line_of_comment value="------" level="0" />
<McCabes_cyclomatic_complexity_per_line_of_comment value="------" level="0" />
</member_function>
<member_function>
<name>updateSpecificLine(const string &amp;,int,const string &amp;)</name>
<extent>
<description>definition</description>
<source_reference file="Department.cpp" line="101" />
</extent>
<lines_of_code value="31" level="1" />
<McCabes_cyclomatic_complexity value="6" level="0" />
<lines_of_comment value="2" level="0" />
<lines_of_code_per_line_of_comment value="15.500" level="1" />
<McCabes_cyclomatic_complexity_per_line_of_comment value="3.000" level="0" />
</member_function>
</procedural_detail>
<structural_detail>
<module>
<name>anonymous</name>
<client_module>
</client_module>
<supplier_module>
</supplier_module>
</module>
</structural_detail>
</CCCC_Project>
