<?xml version="1.0" encoding="utf-8"?>
<!--Detailed report on module AssignedJob-->
<CCCC_Project>
<module_summary>
<lines_of_code value="239" level="0" />
<lines_of_code_per_member_function value="******" level="0" />
<McCabes_cyclomatic_complexity value="48" level="0" />
<McCabes_cyclomatic_complexity_per_member_function value="******" level="2" />
<lines_of_code value="12" level="0" />
<lines_of_code_per_member_function value="********" level="2" />
<lines_of_code_per_line_of_comment value="19.917" level="1" />
<McCabes_cyclomatic_complexity_per_line_of_comment value="4.000" level="0" />
<weighted_methods_per_class_unity value="22" level="0" />
<weighted_methods_per_class_visibility value="0" level="0" />
<depth_of_inheritance_tree value="0" level="0" />
<number_of_children value="0" level="0" />
<coupling_between_objects value="5" level="0" />
<IF4 value="0" level="0" />
<IF4_per_member_function value="********" level="0" />
<IF4_visible value="0" level="0" />
<IF4_visible_per_member_function value="********" level="0" />
<IF4_concrete value="0" level="0" />
<IF4_concrete_per_member_function value="********" level="0" />
</module_summary>
<module_detail>
</module_detail>
<procedural_detail>
<member_function>
<name>AssignedJob()</name>
<extent>
<description>definition</description>
<source_reference file="AssignedJob.cpp" line="12" />
</extent>
<lines_of_code value="4" level="0" />
<McCabes_cyclomatic_complexity value="0" level="0" />
<lines_of_comment value="5" level="0" />
<lines_of_code_per_line_of_comment value="------" level="0" />
<McCabes_cyclomatic_complexity_per_line_of_comment value="------" level="0" />
</member_function>
<member_function>
<name>AssignedJob(string,int,int,vector,State)</name>
<extent>
<description>definition</description>
<source_reference file="AssignedJob.cpp" line="17" />
</extent>
<lines_of_code value="8" level="0" />
<McCabes_cyclomatic_complexity value="0" level="0" />
<lines_of_comment value="0" level="0" />
<lines_of_code_per_line_of_comment value="------" level="0" />
<McCabes_cyclomatic_complexity_per_line_of_comment value="------" level="0" />
</member_function>
<member_function>
<name>getComplaintID()</name>
<extent>
<description>definition</description>
<source_reference file="AssignedJob.cpp" line="79" />
</extent>
<lines_of_code value="3" level="0" />
<McCabes_cyclomatic_complexity value="1" level="0" />
<lines_of_comment value="0" level="0" />
<lines_of_code_per_line_of_comment value="------" level="0" />
<McCabes_cyclomatic_complexity_per_line_of_comment value="------" level="0" />
</member_function>
<member_function>
<name>getDate()</name>
<extent>
<description>definition</description>
<source_reference file="AssignedJob.cpp" line="103" />
</extent>
<lines_of_code value="3" level="0" />
<McCabes_cyclomatic_complexity value="1" level="0" />
<lines_of_comment value="0" level="0" />
<lines_of_code_per_line_of_comment value="------" level="0" />
<McCabes_cyclomatic_complexity_per_line_of_comment value="------" level="0" />
</member_function>
<member_function>
<name>getEmployeeIDs()</name>
<extent>
<description>definition</description>
<source_reference file="AssignedJob.cpp" line="95" />
</extent>
<lines_of_code value="3" level="0" />
<McCabes_cyclomatic_complexity value="1" level="0" />
<lines_of_comment value="0" level="0" />
<lines_of_code_per_line_of_comment value="------" level="0" />
<McCabes_cyclomatic_complexity_per_line_of_comment value="------" level="0" />
</member_function>
<member_function>
<name>getStatus()</name>
<extent>
<description>definition</description>
<source_reference file="AssignedJob.cpp" line="111" />
</extent>
<lines_of_code value="3" level="0" />
<McCabes_cyclomatic_complexity value="1" level="0" />
<lines_of_comment value="0" level="0" />
<lines_of_code_per_line_of_comment value="------" level="0" />
<McCabes_cyclomatic_complexity_per_line_of_comment value="------" level="0" />
</member_function>
<member_function>
<name>getTeacherID()</name>
<extent>
<description>definition</description>
<source_reference file="AssignedJob.cpp" line="87" />
</extent>
<lines_of_code value="3" level="0" />
<McCabes_cyclomatic_complexity value="1" level="0" />
<lines_of_comment value="0" level="0" />
<lines_of_code_per_line_of_comment value="------" level="0" />
<McCabes_cyclomatic_complexity_per_line_of_comment value="------" level="0" />
</member_function>
<member_function>
<name>matchEmployeeId(istringstream &amp;,int)</name>
<extent>
<description>definition</description>
<source_reference file="AssignedJob.cpp" line="45" />
</extent>
<lines_of_code value="22" level="0" />
<McCabes_cyclomatic_complexity value="6" level="0" />
<lines_of_comment value="1" level="0" />
<lines_of_code_per_line_of_comment value="22.000" level="1" />
<McCabes_cyclomatic_complexity_per_line_of_comment value="6.000" level="1" />
</member_function>
<member_function>
<name>printAssignDetails()</name>
<extent>
<description>definition</description>
<source_reference file="AssignedJob.cpp" line="201" />
</extent>
<lines_of_code value="19" level="0" />
<McCabes_cyclomatic_complexity value="4" level="0" />
<lines_of_comment value="0" level="0" />
<lines_of_code_per_line_of_comment value="------" level="0" />
<McCabes_cyclomatic_complexity_per_line_of_comment value="------" level="0" />
</member_function>
<member_function>
<name>printAssignDetails(int)</name>
<extent>
<description>definition</description>
<source_reference file="AssignedJob.cpp" line="174" />
</extent>
<lines_of_code value="23" level="0" />
<McCabes_cyclomatic_complexity value="6" level="0" />
<lines_of_comment value="2" level="0" />
<lines_of_code_per_line_of_comment value="11.500" level="1" />
<McCabes_cyclomatic_complexity_per_line_of_comment value="3.000" level="0" />
</member_function>
<member_function>
<name>printDetails()</name>
<extent>
<description>definition</description>
<source_reference file="AssignedJob.cpp" line="153" />
</extent>
<lines_of_code value="17" level="0" />
<McCabes_cyclomatic_complexity value="3" level="0" />
<lines_of_comment value="0" level="0" />
<lines_of_code_per_line_of_comment value="------" level="0" />
<McCabes_cyclomatic_complexity_per_line_of_comment value="------" level="0" />
</member_function>
<member_function>
<name>printDetails(int)</name>
<extent>
<description>definition</description>
<source_reference file="AssignedJob.cpp" line="128" />
</extent>
<lines_of_code value="20" level="0" />
<McCabes_cyclomatic_complexity value="5" level="0" />
<lines_of_comment value="2" level="0" />
<lines_of_code_per_line_of_comment value="10.000" level="0" />
<McCabes_cyclomatic_complexity_per_line_of_comment value="2.500" level="0" />
</member_function>
<member_function>
<name>printResolvedDetails()</name>
<extent>
<description>definition</description>
<source_reference file="AssignedJob.cpp" line="223" />
</extent>
<extent>
<description>definition</description>
<source_reference file="AssignedJob.cpp" line="244" />
</extent>
<lines_of_code value="39" level="1" />
<McCabes_cyclomatic_complexity value="8" level="0" />
<lines_of_comment value="0" level="0" />
<lines_of_code_per_line_of_comment value="******" level="2" />
<McCabes_cyclomatic_complexity_per_line_of_comment value="******" level="2" />
</member_function>
<member_function>
<name>readAssignedJobFromString(string)</name>
<extent>
<description>definition</description>
<source_reference file="AssignedJob.cpp" line="26" />
</extent>
<lines_of_code value="15" level="0" />
<McCabes_cyclomatic_complexity value="3" level="0" />
<lines_of_comment value="1" level="0" />
<lines_of_code_per_line_of_comment value="------" level="0" />
<McCabes_cyclomatic_complexity_per_line_of_comment value="------" level="0" />
</member_function>
<member_function>
<name>setComplaintID(int)</name>
<extent>
<description>definition</description>
<source_reference file="AssignedJob.cpp" line="75" />
</extent>
<lines_of_code value="3" level="0" />
<McCabes_cyclomatic_complexity value="0" level="0" />
<lines_of_comment value="0" level="0" />
<lines_of_code_per_line_of_comment value="------" level="0" />
<McCabes_cyclomatic_complexity_per_line_of_comment value="------" level="0" />
</member_function>
<member_function>
<name>setDate(string)</name>
<extent>
<description>definition</description>
<source_reference file="AssignedJob.cpp" line="99" />
</extent>
<lines_of_code value="3" level="0" />
<McCabes_cyclomatic_complexity value="0" level="0" />
<lines_of_comment value="0" level="0" />
<lines_of_code_per_line_of_comment value="------" level="0" />
<McCabes_cyclomatic_complexity_per_line_of_comment value="------" level="0" />
</member_function>
<member_function>
<name>setEmployeeIDs(const vector &amp;)</name>
<extent>
<description>definition</description>
<source_reference file="AssignedJob.cpp" line="91" />
</extent>
<lines_of_code value="3" level="0" />
<McCabes_cyclomatic_complexity value="0" level="0" />
<lines_of_comment value="0" level="0" />
<lines_of_code_per_line_of_comment value="------" level="0" />
<McCabes_cyclomatic_complexity_per_line_of_comment value="------" level="0" />
</member_function>
<member_function>
<name>setStatus(State)</name>
<extent>
<description>definition</description>
<source_reference file="AssignedJob.cpp" line="107" />
</extent>
<lines_of_code value="3" level="0" />
<McCabes_cyclomatic_complexity value="0" level="0" />
<lines_of_comment value="0" level="0" />
<lines_of_code_per_line_of_comment value="------" level="0" />
<McCabes_cyclomatic_complexity_per_line_of_comment value="------" level="0" />
</member_function>
<member_function>
<name>setTeacherID(int)</name>
<extent>
<description>definition</description>
<source_reference file="AssignedJob.cpp" line="83" />
</extent>
<lines_of_code value="3" level="0" />
<McCabes_cyclomatic_complexity value="0" level="0" />
<lines_of_comment value="0" level="0" />
<lines_of_code_per_line_of_comment value="------" level="0" />
<McCabes_cyclomatic_complexity_per_line_of_comment value="------" level="0" />
</member_function>
<member_function>
<name>stateToString(State)</name>
<extent>
<description>definition</description>
<source_reference file="AssignedJob.cpp" line="276" />
</extent>
<lines_of_code value="16" level="0" />
<McCabes_cyclomatic_complexity value="3" level="0" />
<lines_of_comment value="0" level="0" />
<lines_of_code_per_line_of_comment value="------" level="0" />
<McCabes_cyclomatic_complexity_per_line_of_comment value="------" level="0" />
</member_function>
<member_function>
<name>stringToState(string)</name>
<extent>
<description>definition</description>
<source_reference file="AssignedJob.cpp" line="294" />
</extent>
<lines_of_code value="15" level="0" />
<McCabes_cyclomatic_complexity value="3" level="0" />
<lines_of_comment value="1" level="0" />
<lines_of_code_per_line_of_comment value="------" level="0" />
<McCabes_cyclomatic_complexity_per_line_of_comment value="------" level="0" />
</member_function>
<member_function>
<name>writeAssignedJobToFile(ofstream &amp;)</name>
<extent>
<description>definition</description>
<source_reference file="AssignedJob.cpp" line="115" />
</extent>
<lines_of_code value="11" level="0" />
<McCabes_cyclomatic_complexity value="2" level="0" />
<lines_of_comment value="0" level="0" />
<lines_of_code_per_line_of_comment value="------" level="0" />
<McCabes_cyclomatic_complexity_per_line_of_comment value="------" level="0" />
</member_function>
</procedural_detail>
<structural_detail>
<module>
<name>AssignedJob</name>
<client_module>
</client_module>
<supplier_module>
<name>State</name>
<visible>true</visible>
<concrete>true</concrete>
<extent>
<description>pass by value</description>
<source_reference file="AssignedJob.cpp" line="17" />
</extent>
<extent>
<description>pass by value</description>
<source_reference file="AssignedJob.cpp" line="107" />
</extent>
<extent>
<description>pass by value</description>
<source_reference file="AssignedJob.cpp" line="276" />
</extent>
<name>istringstream</name>
<visible>true</visible>
<concrete>false</concrete>
<extent>
<description>pass by reference</description>
<source_reference file="AssignedJob.cpp" line="45" />
</extent>
<name>ofstream</name>
<visible>true</visible>
<concrete>false</concrete>
<extent>
<description>pass by reference</description>
<source_reference file="AssignedJob.cpp" line="115" />
</extent>
<name>string</name>
<visible>true</visible>
<concrete>true</concrete>
<extent>
<description>pass by value</description>
<source_reference file="AssignedJob.cpp" line="17" />
</extent>
<extent>
<description>pass by value</description>
<source_reference file="AssignedJob.cpp" line="26" />
</extent>
<extent>
<description>pass by value</description>
<source_reference file="AssignedJob.cpp" line="99" />
</extent>
<extent>
<description>pass by value</description>
<source_reference file="AssignedJob.cpp" line="294" />
</extent>
<name>vector</name>
<visible>true</visible>
<concrete>true</concrete>
<extent>
<description>pass by value</description>
<source_reference file="AssignedJob.cpp" line="17" />
</extent>
<extent>
<description>pass by reference</description>
<source_reference file="AssignedJob.cpp" line="91" />
</extent>
</supplier_module>
</module>
</structural_detail>
</CCCC_Project>
