<?xml version="1.0" encoding="utf-8"?>
<!--Report on software metrics-->
<CCCC_Project>
<timestamp>Thu Dec 07 20:36:16 2023
</timestamp>
<project_summary>
<number_of_modules value="14" level="0" />
<lines_of_code value="2590" level="0" />
<lines_of_code_per_module value="185.000" level="0" />
<McCabes_cyclomatic_complexity value="489" level="0" />
<McCabes_cyclomatic_complexity_per_module value="34.929" level="0" />
<lines_of_comment value="243" level="0" />
<lines_of_comment_per_module value="17.357" level="0" />
<lines_of_code_per_line_of_comment value="10.658" level="1" />
<McCabes_cyclomatic_complexity_per_line_of_comment value="2.012" level="0" />
<IF4 value="0" level="0" />
<IF4_per_module value="0.000" level="0" />
<IF4_visible value="0" level="0" />
<IF4_visible_per_module value="0.000" level="0" />
<IF4_concrete value="0" level="0" />
<IF4_concrete value="0.000" level="0" />
<rejected_lines_of_code value="54" level="0" />
</project_summary>
<procedural_summary>
<module>
<name>Administer</name>
<lines_of_code value="280" level="0" />
<McCabes_cyclomatic_complexity value="46" level="0" />
<lines_of_comment value="53" level="0" />
<lines_of_code_per_line_of_comment value="5.283" level="0" />
<McCabes_cyclomatic_complexity_per_line_of_comment value="0.868" level="0" />
</module>
<module>
<name>AssignedJob</name>
<lines_of_code value="239" level="0" />
<McCabes_cyclomatic_complexity value="48" level="0" />
<lines_of_comment value="12" level="0" />
<lines_of_code_per_line_of_comment value="19.917" level="1" />
<McCabes_cyclomatic_complexity_per_line_of_comment value="4.000" level="0" />
</module>
<module>
<name>Complaint</name>
<lines_of_code value="108" level="0" />
<McCabes_cyclomatic_complexity value="19" level="0" />
<lines_of_comment value="7" level="0" />
<lines_of_code_per_line_of_comment value="15.429" level="1" />
<McCabes_cyclomatic_complexity_per_line_of_comment value="2.714" level="0" />
</module>
<module>
<name>Department</name>
<lines_of_code value="492" level="0" />
<McCabes_cyclomatic_complexity value="95" level="0" />
<lines_of_comment value="29" level="0" />
<lines_of_code_per_line_of_comment value="16.966" level="1" />
<McCabes_cyclomatic_complexity_per_line_of_comment value="3.276" level="0" />
</module>
<module>
<name>Director</name>
<lines_of_code value="222" level="0" />
<McCabes_cyclomatic_complexity value="49" level="0" />
<lines_of_comment value="26" level="0" />
<lines_of_code_per_line_of_comment value="8.538" level="1" />
<McCabes_cyclomatic_complexity_per_line_of_comment value="1.885" level="0" />
</module>
<module>
<name>Employee</name>
<lines_of_code value="205" level="0" />
<McCabes_cyclomatic_complexity value="32" level="0" />
<lines_of_comment value="19" level="0" />
<lines_of_code_per_line_of_comment value="10.789" level="1" />
<McCabes_cyclomatic_complexity_per_line_of_comment value="1.684" level="0" />
</module>
<module>
<name>Manager</name>
<lines_of_code value="380" level="0" />
<McCabes_cyclomatic_complexity value="63" level="0" />
<lines_of_comment value="37" level="0" />
<lines_of_code_per_line_of_comment value="10.270" level="1" />
<McCabes_cyclomatic_complexity_per_line_of_comment value="1.703" level="0" />
</module>
<module>
<name>State</name>
<lines_of_code value="3" level="0" />
<McCabes_cyclomatic_complexity value="0" level="0" />
<lines_of_comment value="5" level="0" />
<lines_of_code_per_line_of_comment value="------" level="0" />
<McCabes_cyclomatic_complexity_per_line_of_comment value="------" level="0" />
</module>
<module>
<name>Teacher</name>
<lines_of_code value="272" level="0" />
<McCabes_cyclomatic_complexity value="64" level="0" />
<lines_of_comment value="26" level="0" />
<lines_of_code_per_line_of_comment value="10.462" level="1" />
<McCabes_cyclomatic_complexity_per_line_of_comment value="2.462" level="0" />
</module>
<module>
<name>anonymous</name>
<lines_of_code value="335" level="0" />
<McCabes_cyclomatic_complexity value="73" level="0" />
<lines_of_comment value="15" level="0" />
<lines_of_code_per_line_of_comment value="22.333" level="1" />
<McCabes_cyclomatic_complexity_per_line_of_comment value="4.867" level="0" />
</module>
<module>
<name>istringstream</name>
<lines_of_code value="0" level="0" />
<McCabes_cyclomatic_complexity value="0" level="0" />
<lines_of_comment value="0" level="0" />
<lines_of_code_per_line_of_comment value="------" level="0" />
<McCabes_cyclomatic_complexity_per_line_of_comment value="------" level="0" />
</module>
<module>
<name>ofstream</name>
<lines_of_code value="0" level="0" />
<McCabes_cyclomatic_complexity value="0" level="0" />
<lines_of_comment value="0" level="0" />
<lines_of_code_per_line_of_comment value="------" level="0" />
<McCabes_cyclomatic_complexity_per_line_of_comment value="------" level="0" />
</module>
<module>
<name>string</name>
<lines_of_code value="0" level="0" />
<McCabes_cyclomatic_complexity value="0" level="0" />
<lines_of_comment value="0" level="0" />
<lines_of_code_per_line_of_comment value="------" level="0" />
<McCabes_cyclomatic_complexity_per_line_of_comment value="------" level="0" />
</module>
<module>
<name>vector</name>
<lines_of_code value="0" level="0" />
<McCabes_cyclomatic_complexity value="0" level="0" />
<lines_of_comment value="0" level="0" />
<lines_of_code_per_line_of_comment value="------" level="0" />
<McCabes_cyclomatic_complexity_per_line_of_comment value="------" level="0" />
</module>
</procedural_summary>
<oo_design>
<module>
<name>Administer</name>
<weighted_methods_per_class_unity value="21" level="0" />
<weighted_methods_per_class_visibility value="0" level="0" />
<depth_of_inheritance_tree value="0" level="0" />
<number_of_children value="0" level="0" />
<coupling_between_objects value="1" level="0" />
</module>
<module>
<name>AssignedJob</name>
<weighted_methods_per_class_unity value="22" level="0" />
<weighted_methods_per_class_visibility value="0" level="0" />
<depth_of_inheritance_tree value="0" level="0" />
<number_of_children value="0" level="0" />
<coupling_between_objects value="5" level="0" />
</module>
<module>
<name>Complaint</name>
<weighted_methods_per_class_unity value="17" level="0" />
<weighted_methods_per_class_visibility value="0" level="0" />
<depth_of_inheritance_tree value="0" level="0" />
<number_of_children value="0" level="0" />
<coupling_between_objects value="2" level="0" />
</module>
<module>
<name>Department</name>
<weighted_methods_per_class_unity value="31" level="1" />
<weighted_methods_per_class_visibility value="0" level="0" />
<depth_of_inheritance_tree value="0" level="0" />
<number_of_children value="0" level="0" />
<coupling_between_objects value="3" level="0" />
</module>
<module>
<name>Director</name>
<weighted_methods_per_class_unity value="13" level="0" />
<weighted_methods_per_class_visibility value="0" level="0" />
<depth_of_inheritance_tree value="0" level="0" />
<number_of_children value="0" level="0" />
<coupling_between_objects value="1" level="0" />
</module>
<module>
<name>Employee</name>
<weighted_methods_per_class_unity value="17" level="0" />
<weighted_methods_per_class_visibility value="0" level="0" />
<depth_of_inheritance_tree value="0" level="0" />
<number_of_children value="0" level="0" />
<coupling_between_objects value="2" level="0" />
</module>
<module>
<name>Manager</name>
<weighted_methods_per_class_unity value="23" level="0" />
<weighted_methods_per_class_visibility value="0" level="0" />
<depth_of_inheritance_tree value="0" level="0" />
<number_of_children value="0" level="0" />
<coupling_between_objects value="2" level="0" />
</module>
<module>
<name>State</name>
<weighted_methods_per_class_unity value="2" level="0" />
<weighted_methods_per_class_visibility value="0" level="0" />
<depth_of_inheritance_tree value="0" level="0" />
<number_of_children value="0" level="0" />
<coupling_between_objects value="6" level="0" />
</module>
<module>
<name>Teacher</name>
<weighted_methods_per_class_unity value="17" level="0" />
<weighted_methods_per_class_visibility value="0" level="0" />
<depth_of_inheritance_tree value="0" level="0" />
<number_of_children value="0" level="0" />
<coupling_between_objects value="2" level="0" />
</module>
<module>
<name>anonymous</name>
<weighted_methods_per_class_unity value="7" level="0" />
<weighted_methods_per_class_visibility value="0" level="0" />
<depth_of_inheritance_tree value="0" level="0" />
<number_of_children value="0" level="0" />
<coupling_between_objects value="0" level="0" />
</module>
<module>
<name>istringstream</name>
<weighted_methods_per_class_unity value="0" level="0" />
<weighted_methods_per_class_visibility value="0" level="0" />
<depth_of_inheritance_tree value="0" level="0" />
<number_of_children value="0" level="0" />
<coupling_between_objects value="1" level="0" />
</module>
<module>
<name>ofstream</name>
<weighted_methods_per_class_unity value="0" level="0" />
<weighted_methods_per_class_visibility value="0" level="0" />
<depth_of_inheritance_tree value="0" level="0" />
<number_of_children value="0" level="0" />
<coupling_between_objects value="1" level="0" />
</module>
<module>
<name>string</name>
<weighted_methods_per_class_unity value="0" level="0" />
<weighted_methods_per_class_visibility value="0" level="0" />
<depth_of_inheritance_tree value="0" level="0" />
<number_of_children value="0" level="0" />
<coupling_between_objects value="8" level="0" />
</module>
<module>
<name>vector</name>
<weighted_methods_per_class_unity value="0" level="0" />
<weighted_methods_per_class_visibility value="0" level="0" />
<depth_of_inheritance_tree value="0" level="0" />
<number_of_children value="0" level="0" />
<coupling_between_objects value="2" level="0" />
</module>
</oo_design>
<structural_summary>
<module>
<name>Administer</name>
<fan_out_visible value="0" level="0" />
<fan_out_concrete value="0" level="0" />
<fan_out value="0" level="0" />
<fan_in_visible value="1" level="0" />
<fan_in_concrete value="1" level="0" />
<fan_in value="1" level="0" />
<IF4_visible value="0" level="0" />
<IF4_concrete value="0" level="0" />
<IF4 value="0" level="0" />
</module>
<module>
<name>AssignedJob</name>
<fan_out_visible value="0" level="0" />
<fan_out_concrete value="0" level="0" />
<fan_out value="0" level="0" />
<fan_in_visible value="5" level="0" />
<fan_in_concrete value="3" level="0" />
<fan_in value="5" level="0" />
<IF4_visible value="0" level="0" />
<IF4_concrete value="0" level="0" />
<IF4 value="0" level="0" />
</module>
<module>
<name>Complaint</name>
<fan_out_visible value="0" level="0" />
<fan_out_concrete value="0" level="0" />
<fan_out value="0" level="0" />
<fan_in_visible value="2" level="0" />
<fan_in_concrete value="2" level="0" />
<fan_in value="2" level="0" />
<IF4_visible value="0" level="0" />
<IF4_concrete value="0" level="0" />
<IF4 value="0" level="0" />
</module>
<module>
<name>Department</name>
<fan_out_visible value="0" level="0" />
<fan_out_concrete value="0" level="0" />
<fan_out value="0" level="0" />
<fan_in_visible value="3" level="0" />
<fan_in_concrete value="2" level="0" />
<fan_in value="3" level="0" />
<IF4_visible value="0" level="0" />
<IF4_concrete value="0" level="0" />
<IF4 value="0" level="0" />
</module>
<module>
<name>Director</name>
<fan_out_visible value="0" level="0" />
<fan_out_concrete value="0" level="0" />
<fan_out value="0" level="0" />
<fan_in_visible value="1" level="0" />
<fan_in_concrete value="1" level="0" />
<fan_in value="1" level="0" />
<IF4_visible value="0" level="0" />
<IF4_concrete value="0" level="0" />
<IF4 value="0" level="0" />
</module>
<module>
<name>Employee</name>
<fan_out_visible value="0" level="0" />
<fan_out_concrete value="0" level="0" />
<fan_out value="0" level="0" />
<fan_in_visible value="2" level="0" />
<fan_in_concrete value="2" level="0" />
<fan_in value="2" level="0" />
<IF4_visible value="0" level="0" />
<IF4_concrete value="0" level="0" />
<IF4 value="0" level="0" />
</module>
<module>
<name>Manager</name>
<fan_out_visible value="0" level="0" />
<fan_out_concrete value="0" level="0" />
<fan_out value="0" level="0" />
<fan_in_visible value="2" level="0" />
<fan_in_concrete value="2" level="0" />
<fan_in value="2" level="0" />
<IF4_visible value="0" level="0" />
<IF4_concrete value="0" level="0" />
<IF4 value="0" level="0" />
</module>
<module>
<name>State</name>
<fan_out_visible value="6" level="0" />
<fan_out_concrete value="6" level="0" />
<fan_out value="6" level="0" />
<fan_in_visible value="0" level="0" />
<fan_in_concrete value="0" level="0" />
<fan_in value="0" level="0" />
<IF4_visible value="0" level="0" />
<IF4_concrete value="0" level="0" />
<IF4 value="0" level="0" />
</module>
<module>
<name>Teacher</name>
<fan_out_visible value="0" level="0" />
<fan_out_concrete value="0" level="0" />
<fan_out value="0" level="0" />
<fan_in_visible value="2" level="0" />
<fan_in_concrete value="2" level="0" />
<fan_in value="2" level="0" />
<IF4_visible value="0" level="0" />
<IF4_concrete value="0" level="0" />
<IF4 value="0" level="0" />
</module>
<module>
<name>anonymous</name>
<fan_out_visible value="0" level="0" />
<fan_out_concrete value="0" level="0" />
<fan_out value="0" level="0" />
<fan_in_visible value="0" level="0" />
<fan_in_concrete value="0" level="0" />
<fan_in value="0" level="0" />
<IF4_visible value="0" level="0" />
<IF4_concrete value="0" level="0" />
<IF4 value="0" level="0" />
</module>
<module>
<name>istringstream</name>
<fan_out_visible value="1" level="0" />
<fan_out_concrete value="0" level="0" />
<fan_out value="1" level="0" />
<fan_in_visible value="0" level="0" />
<fan_in_concrete value="0" level="0" />
<fan_in value="0" level="0" />
<IF4_visible value="0" level="0" />
<IF4_concrete value="0" level="0" />
<IF4 value="0" level="0" />
</module>
<module>
<name>ofstream</name>
<fan_out_visible value="1" level="0" />
<fan_out_concrete value="0" level="0" />
<fan_out value="1" level="0" />
<fan_in_visible value="0" level="0" />
<fan_in_concrete value="0" level="0" />
<fan_in value="0" level="0" />
<IF4_visible value="0" level="0" />
<IF4_concrete value="0" level="0" />
<IF4 value="0" level="0" />
</module>
<module>
<name>string</name>
<fan_out_visible value="8" level="1" />
<fan_out_concrete value="8" level="1" />
<fan_out value="8" level="0" />
<fan_in_visible value="0" level="0" />
<fan_in_concrete value="0" level="0" />
<fan_in value="0" level="0" />
<IF4_visible value="0" level="0" />
<IF4_concrete value="0" level="0" />
<IF4 value="0" level="0" />
</module>
<module>
<name>vector</name>
<fan_out_visible value="2" level="0" />
<fan_out_concrete value="1" level="0" />
<fan_out value="2" level="0" />
<fan_in_visible value="0" level="0" />
<fan_in_concrete value="0" level="0" />
<fan_in value="0" level="0" />
<IF4_visible value="0" level="0" />
<IF4_concrete value="0" level="0" />
<IF4 value="0" level="0" />
</module>
</structural_summary>
<other_extents>
<rejected_extent>
<name>&lt;file scope items&gt;</name>
<source_reference file="Administer.cpp" line="1" />
<lines_of_code value="1" level="0" />
<lines_of_comment value="0" level="0" />
<McCabes_cyclomatic_complexity value="0" level="0" />
</rejected_extent>
<rejected_extent>
<name>&lt;file scope items&gt;</name>
<source_reference file="AssignedJob.cpp" line="1" />
<lines_of_code value="7" level="0" />
<lines_of_comment value="2" level="0" />
<McCabes_cyclomatic_complexity value="0" level="0" />
</rejected_extent>
<rejected_extent>
<name>&lt;file scope items&gt;</name>
<source_reference file="Complaint.cpp" line="1" />
<lines_of_code value="7" level="0" />
<lines_of_comment value="2" level="0" />
<McCabes_cyclomatic_complexity value="0" level="0" />
</rejected_extent>
<rejected_extent>
<name>&lt;file scope items&gt;</name>
<source_reference file="Department.cpp" line="1" />
<lines_of_code value="7" level="0" />
<lines_of_comment value="2" level="0" />
<McCabes_cyclomatic_complexity value="0" level="0" />
</rejected_extent>
<rejected_extent>
<name>&lt;file scope items&gt;</name>
<source_reference file="Director.cpp" line="1" />
<lines_of_code value="6" level="0" />
<lines_of_comment value="2" level="0" />
<McCabes_cyclomatic_complexity value="0" level="0" />
</rejected_extent>
<rejected_extent>
<name>&lt;file scope items&gt;</name>
<source_reference file="Employee.cpp" line="1" />
<lines_of_code value="7" level="0" />
<lines_of_comment value="2" level="0" />
<McCabes_cyclomatic_complexity value="0" level="0" />
</rejected_extent>
<rejected_extent>
<name>&lt;file scope items&gt;</name>
<source_reference file="main.cpp" line="1" />
<lines_of_code value="4" level="0" />
<lines_of_comment value="0" level="0" />
<McCabes_cyclomatic_complexity value="0" level="0" />
</rejected_extent>
<rejected_extent>
<name>&lt;file scope items&gt;</name>
<source_reference file="Manager.cpp" line="1" />
<lines_of_code value="7" level="0" />
<lines_of_comment value="2" level="0" />
<McCabes_cyclomatic_complexity value="0" level="0" />
</rejected_extent>
<rejected_extent>
<name>&lt;file scope items&gt;</name>
<source_reference file="State.cpp" line="1" />
<lines_of_code value="1" level="0" />
<lines_of_comment value="1" level="0" />
<McCabes_cyclomatic_complexity value="0" level="0" />
</rejected_extent>
<rejected_extent>
<name>&lt;file scope items&gt;</name>
<source_reference file="Teacher.cpp" line="1" />
<lines_of_code value="7" level="0" />
<lines_of_comment value="1" level="0" />
<McCabes_cyclomatic_complexity value="0" level="0" />
</rejected_extent>
</other_extents>
</CCCC_Project>
