<?xml version="1.0" encoding="utf-8"?>
<!--Detailed report on module Complaint-->
<CCCC_Project>
<module_summary>
<lines_of_code value="108" level="0" />
<lines_of_code_per_member_function value="******" level="0" />
<McCabes_cyclomatic_complexity value="19" level="0" />
<McCabes_cyclomatic_complexity_per_member_function value="******" level="2" />
<lines_of_code value="7" level="0" />
<lines_of_code_per_member_function value="********" level="2" />
<lines_of_code_per_line_of_comment value="15.429" level="1" />
<McCabes_cyclomatic_complexity_per_line_of_comment value="2.714" level="0" />
<weighted_methods_per_class_unity value="17" level="0" />
<weighted_methods_per_class_visibility value="0" level="0" />
<depth_of_inheritance_tree value="0" level="0" />
<number_of_children value="0" level="0" />
<coupling_between_objects value="2" level="0" />
<IF4 value="0" level="0" />
<IF4_per_member_function value="********" level="0" />
<IF4_visible value="0" level="0" />
<IF4_visible_per_member_function value="********" level="0" />
<IF4_concrete value="0" level="0" />
<IF4_concrete_per_member_function value="********" level="0" />
</module_summary>
<module_detail>
</module_detail>
<procedural_detail>
<member_function>
<name>ChangeState(State)</name>
<extent>
<description>definition</description>
<source_reference file="Complaint.cpp" line="85" />
</extent>
<lines_of_code value="3" level="0" />
<McCabes_cyclomatic_complexity value="0" level="0" />
<lines_of_comment value="0" level="0" />
<lines_of_code_per_line_of_comment value="------" level="0" />
<McCabes_cyclomatic_complexity_per_line_of_comment value="------" level="0" />
</member_function>
<member_function>
<name>Complaint()</name>
<extent>
<description>definition</description>
<source_reference file="Complaint.cpp" line="13" />
</extent>
<lines_of_code value="8" level="0" />
<McCabes_cyclomatic_complexity value="0" level="0" />
<lines_of_comment value="6" level="0" />
<lines_of_code_per_line_of_comment value="------" level="0" />
<McCabes_cyclomatic_complexity_per_line_of_comment value="------" level="0" />
</member_function>
<member_function>
<name>Complaint(int,string,string,int,State,int)</name>
<extent>
<description>definition</description>
<source_reference file="Complaint.cpp" line="31" />
</extent>
<lines_of_code value="8" level="0" />
<McCabes_cyclomatic_complexity value="0" level="0" />
<lines_of_comment value="1" level="0" />
<lines_of_code_per_line_of_comment value="------" level="0" />
<McCabes_cyclomatic_complexity_per_line_of_comment value="------" level="0" />
</member_function>
<member_function>
<name>CurrentState()</name>
<extent>
<description>definition</description>
<source_reference file="Complaint.cpp" line="40" />
</extent>
<lines_of_code value="3" level="0" />
<McCabes_cyclomatic_complexity value="1" level="0" />
<lines_of_comment value="0" level="0" />
<lines_of_code_per_line_of_comment value="------" level="0" />
<McCabes_cyclomatic_complexity_per_line_of_comment value="------" level="0" />
</member_function>
<member_function>
<name>PrintDetail()</name>
<extent>
<description>definition</description>
<source_reference file="Complaint.cpp" line="110" />
</extent>
<lines_of_code value="6" level="0" />
<McCabes_cyclomatic_complexity value="0" level="0" />
<lines_of_comment value="0" level="0" />
<lines_of_code_per_line_of_comment value="------" level="0" />
<McCabes_cyclomatic_complexity_per_line_of_comment value="------" level="0" />
</member_function>
<member_function>
<name>PrintDetails()</name>
<extent>
<description>definition</description>
<source_reference file="Complaint.cpp" line="89" />
</extent>
<lines_of_code value="6" level="0" />
<McCabes_cyclomatic_complexity value="0" level="0" />
<lines_of_comment value="0" level="0" />
<lines_of_code_per_line_of_comment value="------" level="0" />
<McCabes_cyclomatic_complexity_per_line_of_comment value="------" level="0" />
</member_function>
<member_function>
<name>PrintDetails(int)</name>
<extent>
<description>definition</description>
<source_reference file="Complaint.cpp" line="101" />
</extent>
<lines_of_code value="8" level="0" />
<McCabes_cyclomatic_complexity value="1" level="0" />
<lines_of_comment value="0" level="0" />
<lines_of_code_per_line_of_comment value="------" level="0" />
<McCabes_cyclomatic_complexity_per_line_of_comment value="------" level="0" />
</member_function>
<member_function>
<name>feedbackPrint(int)</name>
<extent>
<description>definition</description>
<source_reference file="Complaint.cpp" line="117" />
</extent>
<lines_of_code value="15" level="0" />
<McCabes_cyclomatic_complexity value="7" level="0" />
<lines_of_comment value="0" level="0" />
<lines_of_code_per_line_of_comment value="------" level="0" />
<McCabes_cyclomatic_complexity_per_line_of_comment value="******" level="2" />
</member_function>
<member_function>
<name>getComplaintDept()</name>
<extent>
<description>definition</description>
<source_reference file="Complaint.cpp" line="64" />
</extent>
<lines_of_code value="4" level="0" />
<McCabes_cyclomatic_complexity value="1" level="0" />
<lines_of_comment value="0" level="0" />
<lines_of_code_per_line_of_comment value="------" level="0" />
<McCabes_cyclomatic_complexity_per_line_of_comment value="------" level="0" />
</member_function>
<member_function>
<name>getComplaintDesc()</name>
<extent>
<description>definition</description>
<source_reference file="Complaint.cpp" line="54" />
</extent>
<lines_of_code value="4" level="0" />
<McCabes_cyclomatic_complexity value="1" level="0" />
<lines_of_comment value="0" level="0" />
<lines_of_code_per_line_of_comment value="------" level="0" />
<McCabes_cyclomatic_complexity_per_line_of_comment value="------" level="0" />
</member_function>
<member_function>
<name>getComplaintEmployeeId()</name>
<extent>
<description>definition</description>
<source_reference file="Complaint.cpp" line="49" />
</extent>
<lines_of_code value="4" level="0" />
<McCabes_cyclomatic_complexity value="1" level="0" />
<lines_of_comment value="0" level="0" />
<lines_of_code_per_line_of_comment value="------" level="0" />
<McCabes_cyclomatic_complexity_per_line_of_comment value="------" level="0" />
</member_function>
<member_function>
<name>getComplaintTeacherId()</name>
<extent>
<description>definition</description>
<source_reference file="Complaint.cpp" line="69" />
</extent>
<lines_of_code value="4" level="0" />
<McCabes_cyclomatic_complexity value="1" level="0" />
<lines_of_comment value="0" level="0" />
<lines_of_code_per_line_of_comment value="------" level="0" />
<McCabes_cyclomatic_complexity_per_line_of_comment value="------" level="0" />
</member_function>
<member_function>
<name>getFeedback()</name>
<extent>
<description>definition</description>
<source_reference file="Complaint.cpp" line="74" />
</extent>
<extent>
<description>definition</description>
<source_reference file="Complaint.cpp" line="79" />
</extent>
<lines_of_code value="8" level="0" />
<McCabes_cyclomatic_complexity value="2" level="0" />
<lines_of_comment value="0" level="0" />
<lines_of_code_per_line_of_comment value="------" level="0" />
<McCabes_cyclomatic_complexity_per_line_of_comment value="------" level="0" />
</member_function>
<member_function>
<name>getId()</name>
<extent>
<description>definition</description>
<source_reference file="Complaint.cpp" line="44" />
</extent>
<lines_of_code value="4" level="0" />
<McCabes_cyclomatic_complexity value="1" level="0" />
<lines_of_comment value="0" level="0" />
<lines_of_code_per_line_of_comment value="------" level="0" />
<McCabes_cyclomatic_complexity_per_line_of_comment value="------" level="0" />
</member_function>
<member_function>
<name>setCurrentState(State)</name>
<extent>
<description>definition</description>
<source_reference file="Complaint.cpp" line="59" />
</extent>
<lines_of_code value="4" level="0" />
<McCabes_cyclomatic_complexity value="0" level="0" />
<lines_of_comment value="0" level="0" />
<lines_of_code_per_line_of_comment value="------" level="0" />
<McCabes_cyclomatic_complexity_per_line_of_comment value="------" level="0" />
</member_function>
<member_function>
<name>setFeedbackGiven(int)</name>
<extent>
<description>definition</description>
<source_reference file="Complaint.cpp" line="96" />
</extent>
<lines_of_code value="4" level="0" />
<McCabes_cyclomatic_complexity value="0" level="0" />
<lines_of_comment value="0" level="0" />
<lines_of_code_per_line_of_comment value="------" level="0" />
<McCabes_cyclomatic_complexity_per_line_of_comment value="------" level="0" />
</member_function>
<member_function>
<name>stateToString(State)</name>
<extent>
<description>definition</description>
<source_reference file="Complaint.cpp" line="133" />
</extent>
<lines_of_code value="15" level="0" />
<McCabes_cyclomatic_complexity value="3" level="0" />
<lines_of_comment value="0" level="0" />
<lines_of_code_per_line_of_comment value="------" level="0" />
<McCabes_cyclomatic_complexity_per_line_of_comment value="------" level="0" />
</member_function>
</procedural_detail>
<structural_detail>
<module>
<name>Complaint</name>
<client_module>
</client_module>
<supplier_module>
<name>State</name>
<visible>true</visible>
<concrete>true</concrete>
<extent>
<description>pass by value</description>
<source_reference file="Complaint.cpp" line="31" />
</extent>
<extent>
<description>pass by value</description>
<source_reference file="Complaint.cpp" line="59" />
</extent>
<extent>
<description>pass by value</description>
<source_reference file="Complaint.cpp" line="85" />
</extent>
<extent>
<description>pass by value</description>
<source_reference file="Complaint.cpp" line="133" />
</extent>
<name>string</name>
<visible>true</visible>
<concrete>true</concrete>
<extent>
<description>pass by value</description>
<source_reference file="Complaint.cpp" line="31" />
</extent>
<extent>
<description>pass by value</description>
<source_reference file="Complaint.cpp" line="31" />
</extent>
</supplier_module>
</module>
</structural_detail>
</CCCC_Project>
