<?xml version="1.0" encoding="utf-8"?>
<!--Detailed report on module Department-->
<CCCC_Project>
<module_summary>
<lines_of_code value="492" level="0" />
<lines_of_code_per_member_function value="******" level="0" />
<McCabes_cyclomatic_complexity value="95" level="0" />
<McCabes_cyclomatic_complexity_per_member_function value="******" level="2" />
<lines_of_code value="29" level="0" />
<lines_of_code_per_member_function value="********" level="2" />
<lines_of_code_per_line_of_comment value="16.966" level="1" />
<McCabes_cyclomatic_complexity_per_line_of_comment value="3.276" level="0" />
<weighted_methods_per_class_unity value="31" level="0" />
<weighted_methods_per_class_visibility value="0" level="0" />
<depth_of_inheritance_tree value="0" level="0" />
<number_of_children value="0" level="0" />
<coupling_between_objects value="3" level="0" />
<IF4 value="0" level="0" />
<IF4_per_member_function value="********" level="0" />
<IF4_visible value="0" level="0" />
<IF4_visible_per_member_function value="********" level="0" />
<IF4_concrete value="0" level="0" />
<IF4_concrete_per_member_function value="********" level="0" />
</module_summary>
<module_detail>
</module_detail>
<procedural_detail>
<member_function>
<name>Department()</name>
<extent>
<description>definition</description>
<source_reference file="Department.cpp" line="12" />
</extent>
<lines_of_code value="10" level="0" />
<McCabes_cyclomatic_complexity value="0" level="0" />
<lines_of_comment value="5" level="0" />
<lines_of_code_per_line_of_comment value="------" level="0" />
<McCabes_cyclomatic_complexity_per_line_of_comment value="------" level="0" />
</member_function>
<member_function>
<name>Department(int,string)</name>
<extent>
<description>definition</description>
<source_reference file="Department.cpp" line="23" />
</extent>
<lines_of_code value="9" level="0" />
<McCabes_cyclomatic_complexity value="0" level="0" />
<lines_of_comment value="0" level="0" />
<lines_of_code_per_line_of_comment value="------" level="0" />
<McCabes_cyclomatic_complexity_per_line_of_comment value="------" level="0" />
</member_function>
<member_function>
<name>EmployeeIDdept(int)</name>
<extent>
<description>definition</description>
<source_reference file="Department.cpp" line="334" />
</extent>
<lines_of_code value="13" level="0" />
<McCabes_cyclomatic_complexity value="4" level="0" />
<lines_of_comment value="3" level="0" />
<lines_of_code_per_line_of_comment value="------" level="0" />
<McCabes_cyclomatic_complexity_per_line_of_comment value="------" level="0" />
</member_function>
<member_function>
<name>GetLoadedAllComplaints()</name>
<extent>
<description>definition</description>
<source_reference file="Department.cpp" line="177" />
</extent>
<lines_of_code value="31" level="1" />
<McCabes_cyclomatic_complexity value="5" level="0" />
<lines_of_comment value="3" level="0" />
<lines_of_code_per_line_of_comment value="10.333" level="1" />
<McCabes_cyclomatic_complexity_per_line_of_comment value="1.667" level="0" />
</member_function>
<member_function>
<name>LoadAllComplaints()</name>
<extent>
<description>definition</description>
<source_reference file="Department.cpp" line="141" />
</extent>
<lines_of_code value="31" level="1" />
<McCabes_cyclomatic_complexity value="5" level="0" />
<lines_of_comment value="3" level="0" />
<lines_of_code_per_line_of_comment value="10.333" level="1" />
<McCabes_cyclomatic_complexity_per_line_of_comment value="1.667" level="0" />
</member_function>
<member_function>
<name>LoadDataFromFileEmploye(string,vector *)</name>
<extent>
<description>definition</description>
<source_reference file="Department.cpp" line="75" />
</extent>
<lines_of_code value="22" level="0" />
<McCabes_cyclomatic_complexity value="4" level="0" />
<lines_of_comment value="0" level="0" />
<lines_of_code_per_line_of_comment value="******" level="2" />
<McCabes_cyclomatic_complexity_per_line_of_comment value="------" level="0" />
</member_function>
<member_function>
<name>UpdateComplaintStatusAfterFeedback()</name>
<extent>
<description>definition</description>
<source_reference file="Department.cpp" line="492" />
</extent>
<lines_of_code value="25" level="0" />
<McCabes_cyclomatic_complexity value="5" level="0" />
<lines_of_comment value="0" level="0" />
<lines_of_code_per_line_of_comment value="******" level="2" />
<McCabes_cyclomatic_complexity_per_line_of_comment value="******" level="0" />
</member_function>
<member_function>
<name>getComplaintByID(int)</name>
<extent>
<description>definition</description>
<source_reference file="Department.cpp" line="611" />
</extent>
<lines_of_code value="12" level="0" />
<McCabes_cyclomatic_complexity value="3" level="0" />
<lines_of_comment value="0" level="0" />
<lines_of_code_per_line_of_comment value="------" level="0" />
<McCabes_cyclomatic_complexity_per_line_of_comment value="------" level="0" />
</member_function>
<member_function>
<name>getComplaintStatusByID(int)</name>
<extent>
<description>definition</description>
<source_reference file="Department.cpp" line="430" />
</extent>
<lines_of_code value="12" level="0" />
<McCabes_cyclomatic_complexity value="3" level="0" />
<lines_of_comment value="0" level="0" />
<lines_of_code_per_line_of_comment value="------" level="0" />
<McCabes_cyclomatic_complexity_per_line_of_comment value="------" level="0" />
</member_function>
<member_function>
<name>getComplaintTeacherIdByID(int)</name>
<extent>
<description>definition</description>
<source_reference file="Department.cpp" line="444" />
</extent>
<lines_of_code value="12" level="0" />
<McCabes_cyclomatic_complexity value="3" level="0" />
<lines_of_comment value="0" level="0" />
<lines_of_code_per_line_of_comment value="------" level="0" />
<McCabes_cyclomatic_complexity_per_line_of_comment value="------" level="0" />
</member_function>
<member_function>
<name>getData()</name>
<extent>
<description>definition</description>
<source_reference file="Department.cpp" line="70" />
</extent>
<lines_of_code value="4" level="0" />
<McCabes_cyclomatic_complexity value="1" level="0" />
<lines_of_comment value="0" level="0" />
<lines_of_code_per_line_of_comment value="------" level="0" />
<McCabes_cyclomatic_complexity_per_line_of_comment value="------" level="0" />
</member_function>
<member_function>
<name>getFormattedLine(int)</name>
<extent>
<description>definition</description>
<source_reference file="Department.cpp" line="375" />
</extent>
<lines_of_code value="15" level="0" />
<McCabes_cyclomatic_complexity value="4" level="0" />
<lines_of_comment value="3" level="0" />
<lines_of_code_per_line_of_comment value="------" level="0" />
<McCabes_cyclomatic_complexity_per_line_of_comment value="------" level="0" />
</member_function>
<member_function>
<name>getId()</name>
<extent>
<description>definition</description>
<source_reference file="Department.cpp" line="33" />
</extent>
<extent>
<description>definition</description>
<source_reference file="Department.cpp" line="38" />
</extent>
<lines_of_code value="8" level="0" />
<McCabes_cyclomatic_complexity value="2" level="0" />
<lines_of_comment value="0" level="0" />
<lines_of_code_per_line_of_comment value="------" level="0" />
<McCabes_cyclomatic_complexity_per_line_of_comment value="------" level="0" />
</member_function>
<member_function>
<name>getName()</name>
<extent>
<description>definition</description>
<source_reference file="Department.cpp" line="43" />
</extent>
<extent>
<description>definition</description>
<source_reference file="Department.cpp" line="55" />
</extent>
<lines_of_code value="8" level="0" />
<McCabes_cyclomatic_complexity value="2" level="0" />
<lines_of_comment value="0" level="0" />
<lines_of_code_per_line_of_comment value="------" level="0" />
<McCabes_cyclomatic_complexity_per_line_of_comment value="------" level="0" />
</member_function>
<member_function>
<name>getTotalComplaints()</name>
<extent>
<description>definition</description>
<source_reference file="Department.cpp" line="60" />
</extent>
<extent>
<description>definition</description>
<source_reference file="Department.cpp" line="65" />
</extent>
<lines_of_code value="8" level="0" />
<McCabes_cyclomatic_complexity value="2" level="0" />
<lines_of_comment value="0" level="0" />
<lines_of_code_per_line_of_comment value="------" level="0" />
<McCabes_cyclomatic_complexity_per_line_of_comment value="------" level="0" />
</member_function>
<member_function>
<name>isComplaintIDValid(int)</name>
<extent>
<description>definition</description>
<source_reference file="Department.cpp" line="363" />
</extent>
<lines_of_code value="8" level="0" />
<McCabes_cyclomatic_complexity value="2" level="0" />
<lines_of_comment value="2" level="0" />
<lines_of_code_per_line_of_comment value="------" level="0" />
<McCabes_cyclomatic_complexity_per_line_of_comment value="------" level="0" />
</member_function>
<member_function>
<name>isEmployeeIDValid(int)</name>
<extent>
<description>definition</description>
<source_reference file="Department.cpp" line="322" />
</extent>
<lines_of_code value="8" level="0" />
<McCabes_cyclomatic_complexity value="2" level="0" />
<lines_of_comment value="2" level="0" />
<lines_of_code_per_line_of_comment value="------" level="0" />
<McCabes_cyclomatic_complexity_per_line_of_comment value="------" level="0" />
</member_function>
<member_function>
<name>isFeedbackGivenByComplaintId(int)</name>
<extent>
<description>definition</description>
<source_reference file="Department.cpp" line="404" />
</extent>
<lines_of_code value="11" level="0" />
<McCabes_cyclomatic_complexity value="5" level="0" />
<lines_of_comment value="0" level="0" />
<lines_of_code_per_line_of_comment value="------" level="0" />
<McCabes_cyclomatic_complexity_per_line_of_comment value="******" level="0" />
</member_function>
<member_function>
<name>printAccoringToMonth(int,int,int,int,int,int)</name>
<extent>
<description>definition</description>
<source_reference file="Department.cpp" line="518" />
</extent>
<lines_of_code value="27" level="0" />
<McCabes_cyclomatic_complexity value="9" level="0" />
<lines_of_comment value="4" level="0" />
<lines_of_code_per_line_of_comment value="6.750" level="0" />
<McCabes_cyclomatic_complexity_per_line_of_comment value="2.250" level="0" />
</member_function>
<member_function>
<name>printAllComplaints()</name>
<extent>
<description>definition</description>
<source_reference file="Department.cpp" line="458" />
</extent>
<lines_of_code value="11" level="0" />
<McCabes_cyclomatic_complexity value="1" level="0" />
<lines_of_comment value="0" level="0" />
<lines_of_code_per_line_of_comment value="------" level="0" />
<McCabes_cyclomatic_complexity_per_line_of_comment value="------" level="0" />
</member_function>
<member_function>
<name>printAllEmployees(string)</name>
<extent>
<description>definition</description>
<source_reference file="Department.cpp" line="352" />
</extent>
<lines_of_code value="9" level="0" />
<McCabes_cyclomatic_complexity value="2" level="0" />
<lines_of_comment value="1" level="0" />
<lines_of_code_per_line_of_comment value="------" level="0" />
<McCabes_cyclomatic_complexity_per_line_of_comment value="------" level="0" />
</member_function>
<member_function>
<name>printComplaintByID(int)</name>
<extent>
<description>definition</description>
<source_reference file="Department.cpp" line="625" />
</extent>
<lines_of_code value="9" level="0" />
<McCabes_cyclomatic_complexity value="4" level="0" />
<lines_of_comment value="0" level="0" />
<lines_of_code_per_line_of_comment value="------" level="0" />
<McCabes_cyclomatic_complexity_per_line_of_comment value="------" level="0" />
</member_function>
<member_function>
<name>printNewComplaints()</name>
<extent>
<description>definition</description>
<source_reference file="Department.cpp" line="471" />
</extent>
<lines_of_code value="17" level="0" />
<McCabes_cyclomatic_complexity value="2" level="0" />
<lines_of_comment value="0" level="0" />
<lines_of_code_per_line_of_comment value="------" level="0" />
<McCabes_cyclomatic_complexity_per_line_of_comment value="------" level="0" />
</member_function>
<member_function>
<name>readAssignedJobsFromFile()</name>
<extent>
<description>definition</description>
<source_reference file="Department.cpp" line="635" />
</extent>
<lines_of_code value="17" level="0" />
<McCabes_cyclomatic_complexity value="3" level="0" />
<lines_of_comment value="1" level="0" />
<lines_of_code_per_line_of_comment value="------" level="0" />
<McCabes_cyclomatic_complexity_per_line_of_comment value="------" level="0" />
</member_function>
<member_function>
<name>setFeedback(int)</name>
<extent>
<description>definition</description>
<source_reference file="Department.cpp" line="395" />
</extent>
<lines_of_code value="8" level="0" />
<McCabes_cyclomatic_complexity value="2" level="0" />
<lines_of_comment value="0" level="0" />
<lines_of_code_per_line_of_comment value="------" level="0" />
<McCabes_cyclomatic_complexity_per_line_of_comment value="------" level="0" />
</member_function>
<member_function>
<name>stateToString(State)</name>
<extent>
<description>definition</description>
<source_reference file="Department.cpp" line="574" />
</extent>
<extent>
<description>definition</description>
<source_reference file="Department.cpp" line="592" />
</extent>
<lines_of_code value="32" level="1" />
<McCabes_cyclomatic_complexity value="6" level="0" />
<lines_of_comment value="0" level="0" />
<lines_of_code_per_line_of_comment value="******" level="2" />
<McCabes_cyclomatic_complexity_per_line_of_comment value="******" level="2" />
</member_function>
<member_function>
<name>stringToState(string)</name>
<extent>
<description>definition</description>
<source_reference file="Department.cpp" line="556" />
</extent>
<lines_of_code value="16" level="0" />
<McCabes_cyclomatic_complexity value="3" level="0" />
<lines_of_comment value="1" level="0" />
<lines_of_code_per_line_of_comment value="------" level="0" />
<McCabes_cyclomatic_complexity_per_line_of_comment value="------" level="0" />
</member_function>
<member_function>
<name>updateComplaintStatus(int,const State &amp;)</name>
<extent>
<description>definition</description>
<source_reference file="Department.cpp" line="416" />
</extent>
<lines_of_code value="12" level="0" />
<McCabes_cyclomatic_complexity value="2" level="0" />
<lines_of_comment value="1" level="0" />
<lines_of_code_per_line_of_comment value="------" level="0" />
<McCabes_cyclomatic_complexity_per_line_of_comment value="------" level="0" />
</member_function>
<member_function>
<name>writeComplaintsToFile(const string &amp;,int)</name>
<extent>
<description>definition</description>
<source_reference file="Department.cpp" line="217" />
</extent>
<lines_of_code value="29" level="0" />
<McCabes_cyclomatic_complexity value="3" level="0" />
<lines_of_comment value="0" level="0" />
<lines_of_code_per_line_of_comment value="******" level="2" />
<McCabes_cyclomatic_complexity_per_line_of_comment value="------" level="0" />
</member_function>
<member_function>
<name>writeComplaintsToFileClosed(const string &amp;,int)</name>
<extent>
<description>definition</description>
<source_reference file="Department.cpp" line="287" />
</extent>
<lines_of_code value="29" level="0" />
<McCabes_cyclomatic_complexity value="3" level="0" />
<lines_of_comment value="0" level="0" />
<lines_of_code_per_line_of_comment value="******" level="2" />
<McCabes_cyclomatic_complexity_per_line_of_comment value="------" level="0" />
</member_function>
<member_function>
<name>writeComplaintsToFileResolved(const string &amp;,int)</name>
<extent>
<description>definition</description>
<source_reference file="Department.cpp" line="252" />
</extent>
<lines_of_code value="29" level="0" />
<McCabes_cyclomatic_complexity value="3" level="0" />
<lines_of_comment value="0" level="0" />
<lines_of_code_per_line_of_comment value="******" level="2" />
<McCabes_cyclomatic_complexity_per_line_of_comment value="------" level="0" />
</member_function>
</procedural_detail>
<structural_detail>
<module>
<name>Department</name>
<client_module>
</client_module>
<supplier_module>
<name>State</name>
<visible>true</visible>
<concrete>true</concrete>
<extent>
<description>pass by reference</description>
<source_reference file="Department.cpp" line="416" />
</extent>
<extent>
<description>pass by value</description>
<source_reference file="Department.cpp" line="574" />
</extent>
<extent>
<description>pass by value</description>
<source_reference file="Department.cpp" line="592" />
</extent>
<name>string</name>
<visible>true</visible>
<concrete>true</concrete>
<extent>
<description>pass by value</description>
<source_reference file="Department.cpp" line="23" />
</extent>
<extent>
<description>pass by value</description>
<source_reference file="Department.cpp" line="75" />
</extent>
<extent>
<description>pass by reference</description>
<source_reference file="Department.cpp" line="217" />
</extent>
<extent>
<description>pass by reference</description>
<source_reference file="Department.cpp" line="252" />
</extent>
<extent>
<description>pass by reference</description>
<source_reference file="Department.cpp" line="287" />
</extent>
<extent>
<description>pass by value</description>
<source_reference file="Department.cpp" line="352" />
</extent>
<extent>
<description>pass by value</description>
<source_reference file="Department.cpp" line="556" />
</extent>
<name>vector</name>
<visible>true</visible>
<concrete>false</concrete>
<extent>
<description>pass by reference</description>
<source_reference file="Department.cpp" line="75" />
</extent>
</supplier_module>
</module>
</structural_detail>
</CCCC_Project>
