<?xml version="1.0" encoding="utf-8"?>
<!--Detailed report on module Director-->
<CCCC_Project>
<module_summary>
<lines_of_code value="222" level="0" />
<lines_of_code_per_member_function value="******" level="0" />
<McCabes_cyclomatic_complexity value="49" level="0" />
<McCabes_cyclomatic_complexity_per_member_function value="******" level="2" />
<lines_of_code value="26" level="0" />
<lines_of_code_per_member_function value="********" level="2" />
<lines_of_code_per_line_of_comment value="8.538" level="1" />
<McCabes_cyclomatic_complexity_per_line_of_comment value="1.885" level="0" />
<weighted_methods_per_class_unity value="13" level="0" />
<weighted_methods_per_class_visibility value="0" level="0" />
<depth_of_inheritance_tree value="0" level="0" />
<number_of_children value="0" level="0" />
<coupling_between_objects value="1" level="0" />
<IF4 value="0" level="0" />
<IF4_per_member_function value="********" level="0" />
<IF4_visible value="0" level="0" />
<IF4_visible_per_member_function value="********" level="0" />
<IF4_concrete value="0" level="0" />
<IF4_concrete_per_member_function value="********" level="0" />
</module_summary>
<module_detail>
</module_detail>
<procedural_detail>
<member_function>
<name>ComplainDetails()</name>
<extent>
<description>definition</description>
<source_reference file="Director.cpp" line="256" />
</extent>
<lines_of_code value="19" level="0" />
<McCabes_cyclomatic_complexity value="3" level="0" />
<lines_of_comment value="0" level="0" />
<lines_of_code_per_line_of_comment value="------" level="0" />
<McCabes_cyclomatic_complexity_per_line_of_comment value="------" level="0" />
</member_function>
<member_function>
<name>ComplainDetails(int)</name>
<extent>
<description>definition</description>
<source_reference file="Director.cpp" line="278" />
</extent>
<lines_of_code value="15" level="0" />
<McCabes_cyclomatic_complexity value="3" level="0" />
<lines_of_comment value="0" level="0" />
<lines_of_code_per_line_of_comment value="------" level="0" />
<McCabes_cyclomatic_complexity_per_line_of_comment value="------" level="0" />
</member_function>
<member_function>
<name>ComplainsSummary()</name>
<extent>
<description>definition</description>
<source_reference file="Director.cpp" line="243" />
</extent>
<lines_of_code value="12" level="0" />
<McCabes_cyclomatic_complexity value="0" level="0" />
<lines_of_comment value="0" level="0" />
<lines_of_code_per_line_of_comment value="------" level="0" />
<McCabes_cyclomatic_complexity_per_line_of_comment value="------" level="0" />
</member_function>
<member_function>
<name>Complains_in_Depts()</name>
<extent>
<description>definition</description>
<source_reference file="Director.cpp" line="115" />
</extent>
<lines_of_code value="23" level="0" />
<McCabes_cyclomatic_complexity value="4" level="0" />
<lines_of_comment value="0" level="0" />
<lines_of_code_per_line_of_comment value="******" level="2" />
<McCabes_cyclomatic_complexity_per_line_of_comment value="------" level="0" />
</member_function>
<member_function>
<name>Director()</name>
<extent>
<description>definition</description>
<source_reference file="Director.cpp" line="13" />
</extent>
<lines_of_code value="8" level="0" />
<McCabes_cyclomatic_complexity value="0" level="0" />
<lines_of_comment value="5" level="0" />
<lines_of_code_per_line_of_comment value="------" level="0" />
<McCabes_cyclomatic_complexity_per_line_of_comment value="------" level="0" />
</member_function>
<member_function>
<name>Director(int,string)</name>
<extent>
<description>definition</description>
<source_reference file="Director.cpp" line="23" />
</extent>
<lines_of_code value="8" level="0" />
<McCabes_cyclomatic_complexity value="0" level="0" />
<lines_of_comment value="0" level="0" />
<lines_of_code_per_line_of_comment value="------" level="0" />
<McCabes_cyclomatic_complexity_per_line_of_comment value="------" level="0" />
</member_function>
<member_function>
<name>command()</name>
<extent>
<description>definition</description>
<source_reference file="Director.cpp" line="53" />
</extent>
<lines_of_code value="40" level="1" />
<McCabes_cyclomatic_complexity value="8" level="0" />
<lines_of_comment value="2" level="0" />
<lines_of_code_per_line_of_comment value="20.000" level="1" />
<McCabes_cyclomatic_complexity_per_line_of_comment value="4.000" level="0" />
</member_function>
<member_function>
<name>getId()</name>
<extent>
<description>definition</description>
<source_reference file="Director.cpp" line="33" />
</extent>
<lines_of_code value="4" level="0" />
<McCabes_cyclomatic_complexity value="1" level="0" />
<lines_of_comment value="0" level="0" />
<lines_of_code_per_line_of_comment value="------" level="0" />
<McCabes_cyclomatic_complexity_per_line_of_comment value="------" level="0" />
</member_function>
<member_function>
<name>getName()</name>
<extent>
<description>definition</description>
<source_reference file="Director.cpp" line="38" />
</extent>
<lines_of_code value="4" level="0" />
<McCabes_cyclomatic_complexity value="1" level="0" />
<lines_of_comment value="0" level="0" />
<lines_of_code_per_line_of_comment value="------" level="0" />
<McCabes_cyclomatic_complexity_per_line_of_comment value="------" level="0" />
</member_function>
<member_function>
<name>pressAnyKeyToContinue()</name>
<extent>
<description>definition</description>
<source_reference file="Director.cpp" line="101" />
</extent>
<lines_of_code value="8" level="0" />
<McCabes_cyclomatic_complexity value="0" level="0" />
<lines_of_comment value="1" level="0" />
<lines_of_code_per_line_of_comment value="------" level="0" />
<McCabes_cyclomatic_complexity_per_line_of_comment value="------" level="0" />
</member_function>
<member_function>
<name>printAllComplaintsInTimeLine()</name>
<extent>
<description>definition</description>
<source_reference file="Director.cpp" line="141" />
</extent>
<lines_of_code value="73" level="1" />
<McCabes_cyclomatic_complexity value="29" level="1" />
<lines_of_comment value="18" level="0" />
<lines_of_code_per_line_of_comment value="4.056" level="0" />
<McCabes_cyclomatic_complexity_per_line_of_comment value="1.611" level="0" />
</member_function>
<member_function>
<name>setID(int)</name>
<extent>
<description>definition</description>
<source_reference file="Director.cpp" line="43" />
</extent>
<lines_of_code value="4" level="0" />
<McCabes_cyclomatic_complexity value="0" level="0" />
<lines_of_comment value="0" level="0" />
<lines_of_code_per_line_of_comment value="------" level="0" />
<McCabes_cyclomatic_complexity_per_line_of_comment value="------" level="0" />
</member_function>
<member_function>
<name>setName(string)</name>
<extent>
<description>definition</description>
<source_reference file="Director.cpp" line="48" />
</extent>
<lines_of_code value="4" level="0" />
<McCabes_cyclomatic_complexity value="0" level="0" />
<lines_of_comment value="0" level="0" />
<lines_of_code_per_line_of_comment value="------" level="0" />
<McCabes_cyclomatic_complexity_per_line_of_comment value="------" level="0" />
</member_function>
</procedural_detail>
<structural_detail>
<module>
<name>Director</name>
<client_module>
</client_module>
<supplier_module>
<name>string</name>
<visible>true</visible>
<concrete>true</concrete>
<extent>
<description>pass by value</description>
<source_reference file="Director.cpp" line="23" />
</extent>
<extent>
<description>pass by value</description>
<source_reference file="Director.cpp" line="48" />
</extent>
</supplier_module>
</module>
</structural_detail>
</CCCC_Project>
