<?xml version="1.0" encoding="utf-8"?>
<!--Detailed report on module Employee-->
<CCCC_Project>
<module_summary>
<lines_of_code value="205" level="0" />
<lines_of_code_per_member_function value="******" level="0" />
<McCabes_cyclomatic_complexity value="32" level="0" />
<McCabes_cyclomatic_complexity_per_member_function value="******" level="2" />
<lines_of_code value="19" level="0" />
<lines_of_code_per_member_function value="********" level="2" />
<lines_of_code_per_line_of_comment value="10.789" level="1" />
<McCabes_cyclomatic_complexity_per_line_of_comment value="1.684" level="0" />
<weighted_methods_per_class_unity value="17" level="0" />
<weighted_methods_per_class_visibility value="0" level="0" />
<depth_of_inheritance_tree value="0" level="0" />
<number_of_children value="0" level="0" />
<coupling_between_objects value="2" level="0" />
<IF4 value="0" level="0" />
<IF4_per_member_function value="********" level="0" />
<IF4_visible value="0" level="0" />
<IF4_visible_per_member_function value="********" level="0" />
<IF4_concrete value="0" level="0" />
<IF4_concrete_per_member_function value="********" level="0" />
</module_summary>
<module_detail>
</module_detail>
<procedural_detail>
<member_function>
<name>Employee()</name>
<extent>
<description>definition</description>
<source_reference file="Employee.cpp" line="13" />
</extent>
<lines_of_code value="7" level="0" />
<McCabes_cyclomatic_complexity value="0" level="0" />
<lines_of_comment value="5" level="0" />
<lines_of_code_per_line_of_comment value="------" level="0" />
<McCabes_cyclomatic_complexity_per_line_of_comment value="------" level="0" />
</member_function>
<member_function>
<name>Employee(int,string,string)</name>
<extent>
<description>definition</description>
<source_reference file="Employee.cpp" line="21" />
</extent>
<lines_of_code value="7" level="0" />
<McCabes_cyclomatic_complexity value="0" level="0" />
<lines_of_comment value="0" level="0" />
<lines_of_code_per_line_of_comment value="------" level="0" />
<McCabes_cyclomatic_complexity_per_line_of_comment value="------" level="0" />
</member_function>
<member_function>
<name>command()</name>
<extent>
<description>definition</description>
<source_reference file="Employee.cpp" line="183" />
</extent>
<lines_of_code value="31" level="1" />
<McCabes_cyclomatic_complexity value="6" level="0" />
<lines_of_comment value="3" level="0" />
<lines_of_code_per_line_of_comment value="10.333" level="1" />
<McCabes_cyclomatic_complexity_per_line_of_comment value="2.000" level="0" />
</member_function>
<member_function>
<name>getDepartment()</name>
<extent>
<description>definition</description>
<source_reference file="Employee.cpp" line="163" />
</extent>
<lines_of_code value="4" level="0" />
<McCabes_cyclomatic_complexity value="1" level="0" />
<lines_of_comment value="0" level="0" />
<lines_of_code_per_line_of_comment value="------" level="0" />
<McCabes_cyclomatic_complexity_per_line_of_comment value="------" level="0" />
</member_function>
<member_function>
<name>getId()</name>
<extent>
<description>definition</description>
<source_reference file="Employee.cpp" line="154" />
</extent>
<lines_of_code value="3" level="0" />
<McCabes_cyclomatic_complexity value="1" level="0" />
<lines_of_comment value="0" level="0" />
<lines_of_code_per_line_of_comment value="------" level="0" />
<McCabes_cyclomatic_complexity_per_line_of_comment value="------" level="0" />
</member_function>
<member_function>
<name>getName()</name>
<extent>
<description>definition</description>
<source_reference file="Employee.cpp" line="158" />
</extent>
<extent>
<description>definition</description>
<source_reference file="Employee.cpp" line="266" />
</extent>
<lines_of_code value="8" level="0" />
<McCabes_cyclomatic_complexity value="2" level="0" />
<lines_of_comment value="0" level="0" />
<lines_of_code_per_line_of_comment value="------" level="0" />
<McCabes_cyclomatic_complexity_per_line_of_comment value="------" level="0" />
</member_function>
<member_function>
<name>pressAnyKeyToContinue()</name>
<extent>
<description>definition</description>
<source_reference file="Employee.cpp" line="219" />
</extent>
<lines_of_code value="8" level="0" />
<McCabes_cyclomatic_complexity value="0" level="0" />
<lines_of_comment value="1" level="0" />
<lines_of_code_per_line_of_comment value="------" level="0" />
<McCabes_cyclomatic_complexity_per_line_of_comment value="------" level="0" />
</member_function>
<member_function>
<name>printAllAssignedComplaints()</name>
<extent>
<description>definition</description>
<source_reference file="Employee.cpp" line="104" />
</extent>
<lines_of_code value="11" level="0" />
<McCabes_cyclomatic_complexity value="1" level="0" />
<lines_of_comment value="1" level="0" />
<lines_of_code_per_line_of_comment value="------" level="0" />
<McCabes_cyclomatic_complexity_per_line_of_comment value="------" level="0" />
</member_function>
<member_function>
<name>printAssignedComplaints()</name>
<extent>
<description>definition</description>
<source_reference file="Employee.cpp" line="90" />
</extent>
<lines_of_code value="11" level="0" />
<McCabes_cyclomatic_complexity value="1" level="0" />
<lines_of_comment value="1" level="0" />
<lines_of_code_per_line_of_comment value="------" level="0" />
<McCabes_cyclomatic_complexity_per_line_of_comment value="------" level="0" />
</member_function>
<member_function>
<name>readAssignedJobsFromFile()</name>
<extent>
<description>definition</description>
<source_reference file="Employee.cpp" line="59" />
</extent>
<lines_of_code value="24" level="0" />
<McCabes_cyclomatic_complexity value="5" level="0" />
<lines_of_comment value="1" level="0" />
<lines_of_code_per_line_of_comment value="24.000" level="1" />
<McCabes_cyclomatic_complexity_per_line_of_comment value="5.000" level="0" />
</member_function>
<member_function>
<name>setDepartment(string)</name>
<extent>
<description>definition</description>
<source_reference file="Employee.cpp" line="178" />
</extent>
<lines_of_code value="4" level="0" />
<McCabes_cyclomatic_complexity value="0" level="0" />
<lines_of_comment value="0" level="0" />
<lines_of_code_per_line_of_comment value="------" level="0" />
<McCabes_cyclomatic_complexity_per_line_of_comment value="------" level="0" />
</member_function>
<member_function>
<name>setID(int)</name>
<extent>
<description>definition</description>
<source_reference file="Employee.cpp" line="168" />
</extent>
<lines_of_code value="4" level="0" />
<McCabes_cyclomatic_complexity value="0" level="0" />
<lines_of_comment value="0" level="0" />
<lines_of_code_per_line_of_comment value="------" level="0" />
<McCabes_cyclomatic_complexity_per_line_of_comment value="------" level="0" />
</member_function>
<member_function>
<name>setName(string)</name>
<extent>
<description>definition</description>
<source_reference file="Employee.cpp" line="173" />
</extent>
<lines_of_code value="4" level="0" />
<McCabes_cyclomatic_complexity value="0" level="0" />
<lines_of_comment value="0" level="0" />
<lines_of_code_per_line_of_comment value="------" level="0" />
<McCabes_cyclomatic_complexity_per_line_of_comment value="------" level="0" />
</member_function>
<member_function>
<name>stateToString(State)</name>
<extent>
<description>definition</description>
<source_reference file="Employee.cpp" line="118" />
</extent>
<lines_of_code value="16" level="0" />
<McCabes_cyclomatic_complexity value="3" level="0" />
<lines_of_comment value="0" level="0" />
<lines_of_code_per_line_of_comment value="------" level="0" />
<McCabes_cyclomatic_complexity_per_line_of_comment value="------" level="0" />
</member_function>
<member_function>
<name>stringToState(string)</name>
<extent>
<description>definition</description>
<source_reference file="Employee.cpp" line="136" />
</extent>
<lines_of_code value="16" level="0" />
<McCabes_cyclomatic_complexity value="3" level="0" />
<lines_of_comment value="1" level="0" />
<lines_of_code_per_line_of_comment value="------" level="0" />
<McCabes_cyclomatic_complexity_per_line_of_comment value="------" level="0" />
</member_function>
<member_function>
<name>updateSystem()</name>
<extent>
<description>definition</description>
<source_reference file="Employee.cpp" line="233" />
</extent>
<lines_of_code value="24" level="0" />
<McCabes_cyclomatic_complexity value="4" level="0" />
<lines_of_comment value="5" level="0" />
<lines_of_code_per_line_of_comment value="4.800" level="0" />
<McCabes_cyclomatic_complexity_per_line_of_comment value="------" level="0" />
</member_function>
<member_function>
<name>writeAssignedJobsToFile()</name>
<extent>
<description>definition</description>
<source_reference file="Employee.cpp" line="29" />
</extent>
<lines_of_code value="23" level="0" />
<McCabes_cyclomatic_complexity value="5" level="0" />
<lines_of_comment value="1" level="0" />
<lines_of_code_per_line_of_comment value="23.000" level="1" />
<McCabes_cyclomatic_complexity_per_line_of_comment value="5.000" level="0" />
</member_function>
</procedural_detail>
<structural_detail>
<module>
<name>Employee</name>
<client_module>
</client_module>
<supplier_module>
<name>State</name>
<visible>true</visible>
<concrete>true</concrete>
<extent>
<description>pass by value</description>
<source_reference file="Employee.cpp" line="118" />
</extent>
<name>string</name>
<visible>true</visible>
<concrete>true</concrete>
<extent>
<description>pass by value</description>
<source_reference file="Employee.cpp" line="21" />
</extent>
<extent>
<description>pass by value</description>
<source_reference file="Employee.cpp" line="21" />
</extent>
<extent>
<description>pass by value</description>
<source_reference file="Employee.cpp" line="136" />
</extent>
<extent>
<description>pass by value</description>
<source_reference file="Employee.cpp" line="173" />
</extent>
<extent>
<description>pass by value</description>
<source_reference file="Employee.cpp" line="178" />
</extent>
</supplier_module>
</module>
</structural_detail>
</CCCC_Project>
