<?xml version="1.0" encoding="utf-8"?>
<!--Detailed report on module Manager-->
<CCCC_Project>
<module_summary>
<lines_of_code value="380" level="0" />
<lines_of_code_per_member_function value="******" level="0" />
<McCabes_cyclomatic_complexity value="63" level="0" />
<McCabes_cyclomatic_complexity_per_member_function value="******" level="2" />
<lines_of_code value="37" level="0" />
<lines_of_code_per_member_function value="********" level="2" />
<lines_of_code_per_line_of_comment value="10.270" level="1" />
<McCabes_cyclomatic_complexity_per_line_of_comment value="1.703" level="0" />
<weighted_methods_per_class_unity value="23" level="0" />
<weighted_methods_per_class_visibility value="0" level="0" />
<depth_of_inheritance_tree value="0" level="0" />
<number_of_children value="0" level="0" />
<coupling_between_objects value="2" level="0" />
<IF4 value="0" level="0" />
<IF4_per_member_function value="********" level="0" />
<IF4_visible value="0" level="0" />
<IF4_visible_per_member_function value="********" level="0" />
<IF4_concrete value="0" level="0" />
<IF4_concrete_per_member_function value="********" level="0" />
</module_summary>
<module_detail>
</module_detail>
<procedural_detail>
<member_function>
<name>ApproveJob()</name>
<extent>
<description>definition</description>
<source_reference file="Manager.cpp" line="389" />
</extent>
<lines_of_code value="36" level="1" />
<McCabes_cyclomatic_complexity value="7" level="0" />
<lines_of_comment value="5" level="0" />
<lines_of_code_per_line_of_comment value="7.200" level="1" />
<McCabes_cyclomatic_complexity_per_line_of_comment value="1.400" level="0" />
</member_function>
<member_function>
<name>AssignJob()</name>
<extent>
<description>definition</description>
<source_reference file="Manager.cpp" line="280" />
</extent>
<lines_of_code value="53" level="1" />
<McCabes_cyclomatic_complexity value="7" level="0" />
<lines_of_comment value="13" level="0" />
<lines_of_code_per_line_of_comment value="4.077" level="0" />
<McCabes_cyclomatic_complexity_per_line_of_comment value="0.538" level="0" />
</member_function>
<member_function>
<name>Manager()</name>
<extent>
<description>definition</description>
<source_reference file="Manager.cpp" line="13" />
</extent>
<lines_of_code value="9" level="0" />
<McCabes_cyclomatic_complexity value="0" level="0" />
<lines_of_comment value="5" level="0" />
<lines_of_code_per_line_of_comment value="------" level="0" />
<McCabes_cyclomatic_complexity_per_line_of_comment value="------" level="0" />
</member_function>
<member_function>
<name>Manager(int,string,string)</name>
<extent>
<description>definition</description>
<source_reference file="Manager.cpp" line="23" />
</extent>
<lines_of_code value="14" level="0" />
<McCabes_cyclomatic_complexity value="3" level="0" />
<lines_of_comment value="0" level="0" />
<lines_of_code_per_line_of_comment value="------" level="0" />
<McCabes_cyclomatic_complexity_per_line_of_comment value="------" level="0" />
</member_function>
<member_function>
<name>PrintAllEmployees()</name>
<extent>
<description>definition</description>
<source_reference file="Manager.cpp" line="75" />
</extent>
<lines_of_code value="5" level="0" />
<McCabes_cyclomatic_complexity value="0" level="0" />
<lines_of_comment value="0" level="0" />
<lines_of_code_per_line_of_comment value="------" level="0" />
<McCabes_cyclomatic_complexity_per_line_of_comment value="------" level="0" />
</member_function>
<member_function>
<name>PrintAssignedComplaints()</name>
<extent>
<description>definition</description>
<source_reference file="Manager.cpp" line="81" />
</extent>
<lines_of_code value="10" level="0" />
<McCabes_cyclomatic_complexity value="1" level="0" />
<lines_of_comment value="0" level="0" />
<lines_of_code_per_line_of_comment value="------" level="0" />
<McCabes_cyclomatic_complexity_per_line_of_comment value="------" level="0" />
</member_function>
<member_function>
<name>PrintComplaints()</name>
<extent>
<description>definition</description>
<source_reference file="Manager.cpp" line="69" />
</extent>
<lines_of_code value="5" level="0" />
<McCabes_cyclomatic_complexity value="0" level="0" />
<lines_of_comment value="0" level="0" />
<lines_of_code_per_line_of_comment value="------" level="0" />
<McCabes_cyclomatic_complexity_per_line_of_comment value="------" level="0" />
</member_function>
<member_function>
<name>ReviewJob()</name>
<extent>
<description>definition</description>
<source_reference file="Manager.cpp" line="360" />
</extent>
<lines_of_code value="23" level="0" />
<McCabes_cyclomatic_complexity value="3" level="0" />
<lines_of_comment value="3" level="0" />
<lines_of_code_per_line_of_comment value="7.667" level="1" />
<McCabes_cyclomatic_complexity_per_line_of_comment value="------" level="0" />
</member_function>
<member_function>
<name>ReviewRequest()</name>
<extent>
<description>definition</description>
<source_reference file="Manager.cpp" line="251" />
</extent>
<lines_of_code value="27" level="0" />
<McCabes_cyclomatic_complexity value="5" level="0" />
<lines_of_comment value="0" level="0" />
<lines_of_code_per_line_of_comment value="******" level="2" />
<McCabes_cyclomatic_complexity_per_line_of_comment value="******" level="0" />
</member_function>
<member_function>
<name>command()</name>
<extent>
<description>definition</description>
<source_reference file="Manager.cpp" line="197" />
</extent>
<lines_of_code value="51" level="1" />
<McCabes_cyclomatic_complexity value="10" level="0" />
<lines_of_comment value="7" level="0" />
<lines_of_code_per_line_of_comment value="7.286" level="1" />
<McCabes_cyclomatic_complexity_per_line_of_comment value="1.429" level="0" />
</member_function>
<member_function>
<name>getDepartment()</name>
<extent>
<description>definition</description>
<source_reference file="Manager.cpp" line="118" />
</extent>
<lines_of_code value="4" level="0" />
<McCabes_cyclomatic_complexity value="1" level="0" />
<lines_of_comment value="0" level="0" />
<lines_of_code_per_line_of_comment value="------" level="0" />
<McCabes_cyclomatic_complexity_per_line_of_comment value="------" level="0" />
</member_function>
<member_function>
<name>getId()</name>
<extent>
<description>definition</description>
<source_reference file="Manager.cpp" line="108" />
</extent>
<lines_of_code value="4" level="0" />
<McCabes_cyclomatic_complexity value="1" level="0" />
<lines_of_comment value="0" level="0" />
<lines_of_code_per_line_of_comment value="------" level="0" />
<McCabes_cyclomatic_complexity_per_line_of_comment value="------" level="0" />
</member_function>
<member_function>
<name>getName()</name>
<extent>
<description>definition</description>
<source_reference file="Manager.cpp" line="113" />
</extent>
<lines_of_code value="4" level="0" />
<McCabes_cyclomatic_complexity value="1" level="0" />
<lines_of_comment value="0" level="0" />
<lines_of_code_per_line_of_comment value="------" level="0" />
<McCabes_cyclomatic_complexity_per_line_of_comment value="------" level="0" />
</member_function>
<member_function>
<name>notification()</name>
<extent>
<description>definition</description>
<source_reference file="Manager.cpp" line="54" />
</extent>
<lines_of_code value="14" level="0" />
<McCabes_cyclomatic_complexity value="4" level="0" />
<lines_of_comment value="0" level="0" />
<lines_of_code_per_line_of_comment value="------" level="0" />
<McCabes_cyclomatic_complexity_per_line_of_comment value="------" level="0" />
</member_function>
<member_function>
<name>pressAnyKeyToContinue()</name>
<extent>
<description>definition</description>
<source_reference file="Manager.cpp" line="94" />
</extent>
<lines_of_code value="8" level="0" />
<McCabes_cyclomatic_complexity value="0" level="0" />
<lines_of_comment value="1" level="0" />
<lines_of_code_per_line_of_comment value="------" level="0" />
<McCabes_cyclomatic_complexity_per_line_of_comment value="------" level="0" />
</member_function>
<member_function>
<name>readAssignedJobsFromFile()</name>
<extent>
<description>definition</description>
<source_reference file="Manager.cpp" line="152" />
</extent>
<lines_of_code value="18" level="0" />
<McCabes_cyclomatic_complexity value="3" level="0" />
<lines_of_comment value="1" level="0" />
<lines_of_code_per_line_of_comment value="------" level="0" />
<McCabes_cyclomatic_complexity_per_line_of_comment value="------" level="0" />
</member_function>
<member_function>
<name>reviewFeedback()</name>
<extent>
<description>definition</description>
<source_reference file="Manager.cpp" line="434" />
</extent>
<lines_of_code value="28" level="0" />
<McCabes_cyclomatic_complexity value="6" level="0" />
<lines_of_comment value="0" level="0" />
<lines_of_code_per_line_of_comment value="******" level="2" />
<McCabes_cyclomatic_complexity_per_line_of_comment value="******" level="2" />
</member_function>
<member_function>
<name>setID(int)</name>
<extent>
<description>definition</description>
<source_reference file="Manager.cpp" line="39" />
</extent>
<lines_of_code value="4" level="0" />
<McCabes_cyclomatic_complexity value="0" level="0" />
<lines_of_comment value="0" level="0" />
<lines_of_code_per_line_of_comment value="------" level="0" />
<McCabes_cyclomatic_complexity_per_line_of_comment value="------" level="0" />
</member_function>
<member_function>
<name>setName(string)</name>
<extent>
<description>definition</description>
<source_reference file="Manager.cpp" line="44" />
</extent>
<lines_of_code value="4" level="0" />
<McCabes_cyclomatic_complexity value="0" level="0" />
<lines_of_comment value="0" level="0" />
<lines_of_code_per_line_of_comment value="------" level="0" />
<McCabes_cyclomatic_complexity_per_line_of_comment value="------" level="0" />
</member_function>
<member_function>
<name>setdept(string)</name>
<extent>
<description>definition</description>
<source_reference file="Manager.cpp" line="49" />
</extent>
<lines_of_code value="4" level="0" />
<McCabes_cyclomatic_complexity value="0" level="0" />
<lines_of_comment value="0" level="0" />
<lines_of_code_per_line_of_comment value="------" level="0" />
<McCabes_cyclomatic_complexity_per_line_of_comment value="------" level="0" />
</member_function>
<member_function>
<name>stateToString(State)</name>
<extent>
<description>definition</description>
<source_reference file="Manager.cpp" line="491" />
</extent>
<lines_of_code value="16" level="0" />
<McCabes_cyclomatic_complexity value="3" level="0" />
<lines_of_comment value="0" level="0" />
<lines_of_code_per_line_of_comment value="------" level="0" />
<McCabes_cyclomatic_complexity_per_line_of_comment value="------" level="0" />
</member_function>
<member_function>
<name>stringToState(string)</name>
<extent>
<description>definition</description>
<source_reference file="Manager.cpp" line="465" />
</extent>
<lines_of_code value="16" level="0" />
<McCabes_cyclomatic_complexity value="3" level="0" />
<lines_of_comment value="1" level="0" />
<lines_of_code_per_line_of_comment value="------" level="0" />
<McCabes_cyclomatic_complexity_per_line_of_comment value="------" level="0" />
</member_function>
<member_function>
<name>writeAssignedJobsToFile()</name>
<extent>
<description>definition</description>
<source_reference file="Manager.cpp" line="123" />
</extent>
<lines_of_code value="23" level="0" />
<McCabes_cyclomatic_complexity value="5" level="0" />
<lines_of_comment value="1" level="0" />
<lines_of_code_per_line_of_comment value="23.000" level="1" />
<McCabes_cyclomatic_complexity_per_line_of_comment value="5.000" level="0" />
</member_function>
</procedural_detail>
<structural_detail>
<module>
<name>Manager</name>
<client_module>
</client_module>
<supplier_module>
<name>State</name>
<visible>true</visible>
<concrete>true</concrete>
<extent>
<description>pass by value</description>
<source_reference file="Manager.cpp" line="491" />
</extent>
<name>string</name>
<visible>true</visible>
<concrete>true</concrete>
<extent>
<description>pass by value</description>
<source_reference file="Manager.cpp" line="23" />
</extent>
<extent>
<description>pass by value</description>
<source_reference file="Manager.cpp" line="23" />
</extent>
<extent>
<description>pass by value</description>
<source_reference file="Manager.cpp" line="44" />
</extent>
<extent>
<description>pass by value</description>
<source_reference file="Manager.cpp" line="49" />
</extent>
<extent>
<description>pass by value</description>
<source_reference file="Manager.cpp" line="465" />
</extent>
</supplier_module>
</module>
</structural_detail>
</CCCC_Project>
