<?xml version="1.0" encoding="utf-8"?>
<!--Detailed report on module State-->
<CCCC_Project>
<module_summary>
<lines_of_code value="3" level="0" />
<lines_of_code_per_member_function value="******" level="0" />
<McCabes_cyclomatic_complexity value="0" level="0" />
<McCabes_cyclomatic_complexity_per_member_function value="******" level="0" />
<lines_of_code value="5" level="0" />
<lines_of_code_per_member_function value="********" level="2" />
<lines_of_code_per_line_of_comment value="------" level="0" />
<McCabes_cyclomatic_complexity_per_line_of_comment value="------" level="0" />
<weighted_methods_per_class_unity value="2" level="0" />
<weighted_methods_per_class_visibility value="0" level="0" />
<depth_of_inheritance_tree value="0" level="0" />
<number_of_children value="0" level="0" />
<coupling_between_objects value="6" level="0" />
<IF4 value="0" level="0" />
<IF4_per_member_function value="********" level="0" />
<IF4_visible value="0" level="0" />
<IF4_visible_per_member_function value="********" level="0" />
<IF4_concrete value="0" level="0" />
<IF4_concrete_per_member_function value="********" level="0" />
</module_summary>
<module_detail>
</module_detail>
<procedural_detail>
<member_function>
<name>ChangeState()</name>
<extent>
<description>definition</description>
<source_reference file="State.cpp" line="17" />
</extent>
<lines_of_code value="1" level="0" />
<McCabes_cyclomatic_complexity value="0" level="0" />
<lines_of_comment value="0" level="0" />
<lines_of_code_per_line_of_comment value="------" level="0" />
<McCabes_cyclomatic_complexity_per_line_of_comment value="------" level="0" />
</member_function>
<member_function>
<name>CurrentState()</name>
<extent>
<description>definition</description>
<source_reference file="State.cpp" line="13" />
</extent>
<lines_of_code value="2" level="0" />
<McCabes_cyclomatic_complexity value="0" level="0" />
<lines_of_comment value="5" level="0" />
<lines_of_code_per_line_of_comment value="------" level="0" />
<McCabes_cyclomatic_complexity_per_line_of_comment value="------" level="0" />
</member_function>
</procedural_detail>
<structural_detail>
<module>
<name>State</name>
<client_module>
<name>AssignedJob</name>
<visible>true</visible>
<concrete>true</concrete>
<extent>
<description>pass by value</description>
<source_reference file="AssignedJob.cpp" line="17" />
</extent>
<extent>
<description>pass by value</description>
<source_reference file="AssignedJob.cpp" line="107" />
</extent>
<extent>
<description>pass by value</description>
<source_reference file="AssignedJob.cpp" line="276" />
</extent>
<name>Complaint</name>
<visible>true</visible>
<concrete>true</concrete>
<extent>
<description>pass by value</description>
<source_reference file="Complaint.cpp" line="31" />
</extent>
<extent>
<description>pass by value</description>
<source_reference file="Complaint.cpp" line="59" />
</extent>
<extent>
<description>pass by value</description>
<source_reference file="Complaint.cpp" line="85" />
</extent>
<extent>
<description>pass by value</description>
<source_reference file="Complaint.cpp" line="133" />
</extent>
<name>Department</name>
<visible>true</visible>
<concrete>true</concrete>
<extent>
<description>pass by reference</description>
<source_reference file="Department.cpp" line="416" />
</extent>
<extent>
<description>pass by value</description>
<source_reference file="Department.cpp" line="574" />
</extent>
<extent>
<description>pass by value</description>
<source_reference file="Department.cpp" line="592" />
</extent>
<name>Employee</name>
<visible>true</visible>
<concrete>true</concrete>
<extent>
<description>pass by value</description>
<source_reference file="Employee.cpp" line="118" />
</extent>
<name>Manager</name>
<visible>true</visible>
<concrete>true</concrete>
<extent>
<description>pass by value</description>
<source_reference file="Manager.cpp" line="491" />
</extent>
<name>Teacher</name>
<visible>true</visible>
<concrete>true</concrete>
<extent>
<description>pass by value</description>
<source_reference file="Teacher.cpp" line="321" />
</extent>
</client_module>
<supplier_module>
</supplier_module>
</module>
</structural_detail>
</CCCC_Project>
