<?xml version="1.0" encoding="utf-8"?>
<!--Detailed report on module string-->
<CCCC_Project>
<module_summary>
<lines_of_code value="0" level="0" />
<lines_of_code_per_member_function value="******" level="0" />
<McCabes_cyclomatic_complexity value="0" level="0" />
<McCabes_cyclomatic_complexity_per_member_function value="******" level="0" />
<lines_of_code value="0" level="0" />
<lines_of_code_per_member_function value="********" level="0" />
<lines_of_code_per_line_of_comment value="------" level="0" />
<McCabes_cyclomatic_complexity_per_line_of_comment value="------" level="0" />
<weighted_methods_per_class_unity value="0" level="0" />
<weighted_methods_per_class_visibility value="0" level="0" />
<depth_of_inheritance_tree value="0" level="0" />
<number_of_children value="0" level="0" />
<coupling_between_objects value="8" level="0" />
<IF4 value="0" level="0" />
<IF4_per_member_function value="********" level="0" />
<IF4_visible value="0" level="0" />
<IF4_visible_per_member_function value="********" level="0" />
<IF4_concrete value="0" level="0" />
<IF4_concrete_per_member_function value="********" level="0" />
</module_summary>
<module_detail>
</module_detail>
<procedural_detail>
</procedural_detail>
<structural_detail>
<module>
<name>string</name>
<client_module>
<name>Administer</name>
<visible>true</visible>
<concrete>true</concrete>
<extent>
<description>pass by value</description>
<source_reference file="Administer.cpp" line="25" />
</extent>
<extent>
<description>pass by value</description>
<source_reference file="Administer.cpp" line="36" />
</extent>
<name>AssignedJob</name>
<visible>true</visible>
<concrete>true</concrete>
<extent>
<description>pass by value</description>
<source_reference file="AssignedJob.cpp" line="17" />
</extent>
<extent>
<description>pass by value</description>
<source_reference file="AssignedJob.cpp" line="26" />
</extent>
<extent>
<description>pass by value</description>
<source_reference file="AssignedJob.cpp" line="99" />
</extent>
<extent>
<description>pass by value</description>
<source_reference file="AssignedJob.cpp" line="294" />
</extent>
<name>Complaint</name>
<visible>true</visible>
<concrete>true</concrete>
<extent>
<description>pass by value</description>
<source_reference file="Complaint.cpp" line="31" />
</extent>
<extent>
<description>pass by value</description>
<source_reference file="Complaint.cpp" line="31" />
</extent>
<name>Department</name>
<visible>true</visible>
<concrete>true</concrete>
<extent>
<description>pass by value</description>
<source_reference file="Department.cpp" line="23" />
</extent>
<extent>
<description>pass by value</description>
<source_reference file="Department.cpp" line="75" />
</extent>
<extent>
<description>pass by reference</description>
<source_reference file="Department.cpp" line="217" />
</extent>
<extent>
<description>pass by reference</description>
<source_reference file="Department.cpp" line="252" />
</extent>
<extent>
<description>pass by reference</description>
<source_reference file="Department.cpp" line="287" />
</extent>
<extent>
<description>pass by value</description>
<source_reference file="Department.cpp" line="352" />
</extent>
<extent>
<description>pass by value</description>
<source_reference file="Department.cpp" line="556" />
</extent>
<name>Director</name>
<visible>true</visible>
<concrete>true</concrete>
<extent>
<description>pass by value</description>
<source_reference file="Director.cpp" line="23" />
</extent>
<extent>
<description>pass by value</description>
<source_reference file="Director.cpp" line="48" />
</extent>
<name>Employee</name>
<visible>true</visible>
<concrete>true</concrete>
<extent>
<description>pass by value</description>
<source_reference file="Employee.cpp" line="21" />
</extent>
<extent>
<description>pass by value</description>
<source_reference file="Employee.cpp" line="21" />
</extent>
<extent>
<description>pass by value</description>
<source_reference file="Employee.cpp" line="136" />
</extent>
<extent>
<description>pass by value</description>
<source_reference file="Employee.cpp" line="173" />
</extent>
<extent>
<description>pass by value</description>
<source_reference file="Employee.cpp" line="178" />
</extent>
<name>Manager</name>
<visible>true</visible>
<concrete>true</concrete>
<extent>
<description>pass by value</description>
<source_reference file="Manager.cpp" line="23" />
</extent>
<extent>
<description>pass by value</description>
<source_reference file="Manager.cpp" line="23" />
</extent>
<extent>
<description>pass by value</description>
<source_reference file="Manager.cpp" line="44" />
</extent>
<extent>
<description>pass by value</description>
<source_reference file="Manager.cpp" line="49" />
</extent>
<extent>
<description>pass by value</description>
<source_reference file="Manager.cpp" line="465" />
</extent>
<name>Teacher</name>
<visible>true</visible>
<concrete>true</concrete>
<extent>
<description>pass by value</description>
<source_reference file="Teacher.cpp" line="16" />
</extent>
<extent>
<description>pass by value</description>
<source_reference file="Teacher.cpp" line="38" />
</extent>
<extent>
<description>pass by value</description>
<source_reference file="Teacher.cpp" line="339" />
</extent>
</client_module>
<supplier_module>
</supplier_module>
</module>
</structural_detail>
</CCCC_Project>
