<?xml version="1.0" encoding="utf-8"?>
<!--Detailed report on module Teacher-->
<CCCC_Project>
<module_summary>
<lines_of_code value="272" level="0" />
<lines_of_code_per_member_function value="******" level="0" />
<McCabes_cyclomatic_complexity value="64" level="0" />
<McCabes_cyclomatic_complexity_per_member_function value="******" level="2" />
<lines_of_code value="26" level="0" />
<lines_of_code_per_member_function value="********" level="2" />
<lines_of_code_per_line_of_comment value="10.462" level="1" />
<McCabes_cyclomatic_complexity_per_line_of_comment value="2.462" level="0" />
<weighted_methods_per_class_unity value="17" level="0" />
<weighted_methods_per_class_visibility value="0" level="0" />
<depth_of_inheritance_tree value="0" level="0" />
<number_of_children value="0" level="0" />
<coupling_between_objects value="2" level="0" />
<IF4 value="0" level="0" />
<IF4_per_member_function value="********" level="0" />
<IF4_visible value="0" level="0" />
<IF4_visible_per_member_function value="********" level="0" />
<IF4_concrete value="0" level="0" />
<IF4_concrete_per_member_function value="********" level="0" />
</module_summary>
<module_detail>
</module_detail>
<procedural_detail>
<member_function>
<name>CheckComplaintStatus()</name>
<extent>
<description>definition</description>
<source_reference file="Teacher.cpp" line="110" />
</extent>
<lines_of_code value="14" level="0" />
<McCabes_cyclomatic_complexity value="3" level="0" />
<lines_of_comment value="1" level="0" />
<lines_of_code_per_line_of_comment value="------" level="0" />
<McCabes_cyclomatic_complexity_per_line_of_comment value="------" level="0" />
</member_function>
<member_function>
<name>LoadAllComplaints()</name>
<extent>
<description>definition</description>
<source_reference file="Teacher.cpp" line="268" />
</extent>
<lines_of_code value="27" level="0" />
<McCabes_cyclomatic_complexity value="4" level="0" />
<lines_of_comment value="3" level="0" />
<lines_of_code_per_line_of_comment value="9.000" level="1" />
<McCabes_cyclomatic_complexity_per_line_of_comment value="------" level="0" />
</member_function>
<member_function>
<name>MakeComplain()</name>
<extent>
<description>definition</description>
<source_reference file="Teacher.cpp" line="128" />
</extent>
<lines_of_code value="29" level="0" />
<McCabes_cyclomatic_complexity value="5" level="0" />
<lines_of_comment value="8" level="0" />
<lines_of_code_per_line_of_comment value="3.625" level="0" />
<McCabes_cyclomatic_complexity_per_line_of_comment value="0.625" level="0" />
</member_function>
<member_function>
<name>PrintComplains()</name>
<extent>
<description>definition</description>
<source_reference file="Teacher.cpp" line="181" />
</extent>
<lines_of_code value="7" level="0" />
<McCabes_cyclomatic_complexity value="1" level="0" />
<lines_of_comment value="1" level="0" />
<lines_of_code_per_line_of_comment value="------" level="0" />
<McCabes_cyclomatic_complexity_per_line_of_comment value="------" level="0" />
</member_function>
<member_function>
<name>RecordFeedback()</name>
<extent>
<description>definition</description>
<source_reference file="Teacher.cpp" line="190" />
</extent>
<lines_of_code value="65" level="1" />
<McCabes_cyclomatic_complexity value="30" level="1" />
<lines_of_comment value="4" level="0" />
<lines_of_code_per_line_of_comment value="16.250" level="1" />
<McCabes_cyclomatic_complexity_per_line_of_comment value="7.500" level="1" />
</member_function>
<member_function>
<name>SaveALLComplaints()</name>
<extent>
<description>definition</description>
<source_reference file="Teacher.cpp" line="300" />
</extent>
<lines_of_code value="18" level="0" />
<McCabes_cyclomatic_complexity value="2" level="0" />
<lines_of_comment value="0" level="0" />
<lines_of_code_per_line_of_comment value="------" level="0" />
<McCabes_cyclomatic_complexity_per_line_of_comment value="------" level="0" />
</member_function>
<member_function>
<name>Teacher()</name>
<extent>
<description>definition</description>
<source_reference file="Teacher.cpp" line="9" />
</extent>
<lines_of_code value="6" level="0" />
<McCabes_cyclomatic_complexity value="0" level="0" />
<lines_of_comment value="3" level="0" />
<lines_of_code_per_line_of_comment value="------" level="0" />
<McCabes_cyclomatic_complexity_per_line_of_comment value="------" level="0" />
</member_function>
<member_function>
<name>Teacher(int,string)</name>
<extent>
<description>definition</description>
<source_reference file="Teacher.cpp" line="16" />
</extent>
<lines_of_code value="6" level="0" />
<McCabes_cyclomatic_complexity value="0" level="0" />
<lines_of_comment value="0" level="0" />
<lines_of_code_per_line_of_comment value="------" level="0" />
<McCabes_cyclomatic_complexity_per_line_of_comment value="------" level="0" />
</member_function>
<member_function>
<name>command()</name>
<extent>
<description>definition</description>
<source_reference file="Teacher.cpp" line="68" />
</extent>
<lines_of_code value="34" level="1" />
<McCabes_cyclomatic_complexity value="6" level="0" />
<lines_of_comment value="4" level="0" />
<lines_of_code_per_line_of_comment value="8.500" level="1" />
<McCabes_cyclomatic_complexity_per_line_of_comment value="1.500" level="0" />
</member_function>
<member_function>
<name>getId()</name>
<extent>
<description>definition</description>
<source_reference file="Teacher.cpp" line="23" />
</extent>
<lines_of_code value="4" level="0" />
<McCabes_cyclomatic_complexity value="1" level="0" />
<lines_of_comment value="0" level="0" />
<lines_of_code_per_line_of_comment value="------" level="0" />
<McCabes_cyclomatic_complexity_per_line_of_comment value="------" level="0" />
</member_function>
<member_function>
<name>getName()</name>
<extent>
<description>definition</description>
<source_reference file="Teacher.cpp" line="28" />
</extent>
<lines_of_code value="4" level="0" />
<McCabes_cyclomatic_complexity value="1" level="0" />
<lines_of_comment value="0" level="0" />
<lines_of_code_per_line_of_comment value="------" level="0" />
<McCabes_cyclomatic_complexity_per_line_of_comment value="------" level="0" />
</member_function>
<member_function>
<name>notification()</name>
<extent>
<description>definition</description>
<source_reference file="Teacher.cpp" line="43" />
</extent>
<lines_of_code value="10" level="0" />
<McCabes_cyclomatic_complexity value="5" level="0" />
<lines_of_comment value="0" level="0" />
<lines_of_code_per_line_of_comment value="------" level="0" />
<McCabes_cyclomatic_complexity_per_line_of_comment value="******" level="0" />
</member_function>
<member_function>
<name>pressAnyKeyToContinue()</name>
<extent>
<description>definition</description>
<source_reference file="Teacher.cpp" line="54" />
</extent>
<lines_of_code value="8" level="0" />
<McCabes_cyclomatic_complexity value="0" level="0" />
<lines_of_comment value="1" level="0" />
<lines_of_code_per_line_of_comment value="------" level="0" />
<McCabes_cyclomatic_complexity_per_line_of_comment value="------" level="0" />
</member_function>
<member_function>
<name>setID(int)</name>
<extent>
<description>definition</description>
<source_reference file="Teacher.cpp" line="33" />
</extent>
<lines_of_code value="4" level="0" />
<McCabes_cyclomatic_complexity value="0" level="0" />
<lines_of_comment value="0" level="0" />
<lines_of_code_per_line_of_comment value="------" level="0" />
<McCabes_cyclomatic_complexity_per_line_of_comment value="------" level="0" />
</member_function>
<member_function>
<name>setName(string)</name>
<extent>
<description>definition</description>
<source_reference file="Teacher.cpp" line="38" />
</extent>
<lines_of_code value="4" level="0" />
<McCabes_cyclomatic_complexity value="0" level="0" />
<lines_of_comment value="0" level="0" />
<lines_of_code_per_line_of_comment value="------" level="0" />
<McCabes_cyclomatic_complexity_per_line_of_comment value="------" level="0" />
</member_function>
<member_function>
<name>stateToString(State)</name>
<extent>
<description>definition</description>
<source_reference file="Teacher.cpp" line="321" />
</extent>
<lines_of_code value="16" level="0" />
<McCabes_cyclomatic_complexity value="3" level="0" />
<lines_of_comment value="0" level="0" />
<lines_of_code_per_line_of_comment value="------" level="0" />
<McCabes_cyclomatic_complexity_per_line_of_comment value="------" level="0" />
</member_function>
<member_function>
<name>stringToState(string)</name>
<extent>
<description>definition</description>
<source_reference file="Teacher.cpp" line="339" />
</extent>
<lines_of_code value="16" level="0" />
<McCabes_cyclomatic_complexity value="3" level="0" />
<lines_of_comment value="1" level="0" />
<lines_of_code_per_line_of_comment value="------" level="0" />
<McCabes_cyclomatic_complexity_per_line_of_comment value="------" level="0" />
</member_function>
</procedural_detail>
<structural_detail>
<module>
<name>Teacher</name>
<client_module>
</client_module>
<supplier_module>
<name>State</name>
<visible>true</visible>
<concrete>true</concrete>
<extent>
<description>pass by value</description>
<source_reference file="Teacher.cpp" line="321" />
</extent>
<name>string</name>
<visible>true</visible>
<concrete>true</concrete>
<extent>
<description>pass by value</description>
<source_reference file="Teacher.cpp" line="16" />
</extent>
<extent>
<description>pass by value</description>
<source_reference file="Teacher.cpp" line="38" />
</extent>
<extent>
<description>pass by value</description>
<source_reference file="Teacher.cpp" line="339" />
</extent>
</supplier_module>
</module>
</structural_detail>
</CCCC_Project>
